Movie,Date,Title
lv810o99yz9,2020/11/2,【全編無料】企画盛りだくさん！の初回記念
n9zeel31xz4,2020/11/9,【ゲスト回】このみんが遊びにきたよ！
ov82d0ge2zw,2020/11/16,【FallGuys】諜報員と挑戦！
mlrl42k0nzg,2020/11/23,【みんはや】相良マニア選手権
e2zwo5oow8o,2020/11/30,参加企画】視聴者がディレクターと役者に？
p2zj9m97xrw,2020/12/7,【ゲスト回 】内田秀さんとまゆちの仲良し話
gkrp9e9kj85,2020/12/14,【Minecraft】まずは工場長の講座から！
n9zee39noz4,2020/12/21,【参加企画】クリスマスビンゴ大会
e5rkenqv3rv,2020/12/28,【大忘年会】さがらFFF2020を振り返る
nqz5wggvmzv,2021/1/11,【ゲスト】DECO*27さんとプロセカ【成人式】
2p8v3d2g3zy,2021/1/18,ゲスト】May'nさんが番組調査にやってきた【マイクラ】
1o8qexq268k,2021/1/25,【参加企画】目指せホワイト企業！工場長のお悩み面談！
n9zeeqvjoz4,2021/1/28,【APEX】ゲリラ配信でゲーム実況します！【まゆち】
n9zeepq5xz4,2021/2/1,【節分】新スタジオ移転祝いでプチパーティー【恵方巻】
nqz5wpd5mzv,2021/2/8,【参加企画】諜報員女の子になる　まゆちは夢女になる
olryo0yqw82,2021/2/15,【ゲリラ配信】スマホからのリベンジ
p2zj95mk4rw,2021/2/15,初の7時間実況【オリとくらやみの森】&【マフィア】
ovrd96w368j,2021/2/22,【APEX】大会に向けてAPEXの練習
n9zeepq96z4,2021/2/23,【Apex Legends】相良茉優視点「RAGE PARTY 2021 powered by SHARP」
gkrp9q21485,2021/3/1,【参加企画】お悩み相談・エールエフェクト決定！
o7z4w3voq8l,2021/3/8,【Amongus】サブスク会員に取り残されるまゆち
e2zwoyee98o,2021/3/15,【ウマ娘プリティダービー】実況プレイ&ガチャ祭り
ykz046pdx8w,2021/3/22,【マフィア】マフィア#2
ovrd9kd7y8j,2021/3/29,【ゲスト回】増田里紅さん【初めての競馬】
em8xo6og982,2021/4/10,【モンハンライズ】姫プレイでモンスター狩り！
lv8105x3qz9,2021/4/12,【社歌】燃えろ！相良's clap【バースデー直前】
nqr6w7y9o86,2021/4/17,相良茉優のFUN!FAN!FACTORY presents 相良茉優 onlineバースデーイベント　『DREAM FACTORY』　打ち上げ配信
gkrp92w5k85,2021/4/19,【UNO】スタジオでUNO対決！
ovrd9qo7y8j,2021/4/26,【Minecraft】お家(乗っ取り)選手権！差し押さえ物件決定！
1o8qe9lmg8k,2021/5/3,【TERA】思い出のゲームをみんなでプレイ
p2zj9onvdrw,2021/5/10,【参加企画】視聴者がディレクターと役者に？・帰省編【ライブ打ち上げ回】
ykz043v9y8w,2021/5/10,【初見大歓迎】声優・相良茉優が自由気ままにバイオ8実況＃01【まゆち】
d1rndxwq58v,2021/5/12,【初見大歓迎】声優・相良茉優が自由気ままにバイオ8実況＃02【まゆち】
em8xowqvk82,2021/5/17,【参加企画】目指せホワイト企業！工場長のお悩み面談！【工場長の素朴な疑問も】
lv810mxdxz9,2021/5/17,【初見大歓迎】声優・相良茉優が自由気ままにバイオ8実況＃03・エンディングまで【まゆち】
1o8qe5j1g8k,2021/5/18,声優・相良茉優がただ作業してるだけの配信【まゆち】
nqz5wooqvzv,2021/5/24,相良茉優が餃子を焼きます！本日21時半〜予定！
wez927745rl,2021/5/25,【マフィア】声優・相良茉優がマフィアになって組を抜けるまでの話を途中でやめてGolf itやりました【まゆち】
d1rn4wo6w8v,2021/5/31,#30【みんはや】さがらFFF　みんはや大会
d1rn4lq298v,2021/6/7,相良茉優のFUN!FAN!FACTORY#31
6oz3mpjwy83,2021/6/8,【壺じじい】相良茉優が深夜にゲーム配信してます
1o8qlwngyrk,2021/6/14,#32【Golf it】　さがらFFF　第1回ゴルフコンペ
o7z4xl2k5rl,2021/6/21,#33 今日はディレクターとゴブレットゴブラーズ！
nqr6gk5xez6,2021/6/28,#34 相良茉優が1人で焼きそばつくる回
lv81dj0xq89,2021/7/5,#35　写真集発売ほぼ1ヶ月記念！
pnzg393v5ry,2021/7/12,#36 汐入あすかさんゲスト！！！
pnzg39n6gry,2021/7/19,#37　声優・相良茉優がそうめんの最高峰「三神」を茹でて食す！
lv81dj36789,2021/7/26,#38　サガランピック2021　1日目
n9ze3x70684,2021/8/2,#39　サガランピック2021　番外編～工場長のトレーニング～
gkrpdex1kr5,2021/8/8,ダウンロードできるまで時間があるから雑談しまーす
d1rn4yjn58v,2021/8/8,【これをやらずに夏休みは終われない】朝まで生Ghost of Tsushima【初見プレイ】
2p8v7gm758y,2021/8/9,【朝マックのセット公開】相良茉優の朝ごはん【ダイエット編】
ovrdod7468j,2021/8/9,#40　サガランピック2021　2日目【前半】
mlrl940jorg,2021/8/9,#40 サガランピック2日目【後半】
2p8v73nld8y,2021/8/9,【これをやらずに夏休みは終われない】朝まで生Ghost of Tsushima#2【初見プレイ】
lv81d047289,2021/8/10,朝ごはん食べながら放送
2k8me0n02r6,2021/8/10,【これをやらずに夏休みは終われない】朝まで生Ghost of Tsushima#3【初見プレイ】
e2zw6owdd8o,2021/8/11,【13時間放送後】ブランチ食べながら雑談【スクワットもあるよ】
nqz5xwewd8v,2021/8/16,#41 ボードゲームを遊び尽くす！！！
kdr7xgwye8j,2021/8/16,【雑談作業配信】チークパッチのブロマイドにサインします！
ykz004v3xzw,2021/8/20,【これをやらずに夏休みは終われない】朝まで生Ghost of Tsushima#4【初見プレイ】
e2zw6om178o,2021/8/20,【雑談しながら晩御飯】よくわからん上から目線を反省してもろて【スクワットあり】
ov82ll5v2rw,2021/8/23,#42 【手作業】折り紙で金メダルを作成します【不器用】
gkrpddjlkr5,2021/8/30,#43 久しぶりのお悩み相談【めっちゃ深い工場長】
nqz5xx5vv8v,2021/8/31,さがらFFF×声優パラダイスRコラボ特別回！　ゲスト：夜道雪さん
2k8mee6xyr6,2021/8/31,※エンドレスエイト【これをやらずに夏休みは終われない】朝まで生Ghost of Tsushima#5【初見プレイ】
o7z4xx3yqrl,2021/9/6,#44　【初見歓迎】私が主役のポーカーチェイスをやります【アカギを超えた声優】
ov82llmp1rw,2021/9/13,相良茉優のFUN!FAN!FACTORY#45
e2zw6v6568o,2021/9/20,【ポーカーチェイス相良杯】相良茉優のFUN!FAN!FACTORY#46【お前がNo.1だ】
nqr6gn7qgz6,2021/9/27,【飲酒】夏初月を飲みながら最近のことについてお話【雑談回】
olrygwynor2,2021/10/4,【みんはや】新しいディレクターがやってくる
n9ze3w4w584,2021/10/12,生シノアリス終わりのさがらFFF
ovrdow79x8j,2021/10/18,次の現場の入り時間までやるよ
2k8me24ddr6,2021/10/25,相良茉優のFUN!FAN!FACTORY#51
pnzg3y7o5ry,2021/10/28,※まだ夏休み【これをやらずに夏休みは終われない】朝まで生Ghost of Tsushima#6【初見プレイ】
n9ze3qvjo84,2021/10/28,朝ごはん食べながら放送
o7z4xgxklrl,2021/11/1,相良茉優のFUN!FAN!FACTORY#52
12ro0jdmjrn,2021/11/8,#53【遂に決着】ペットボトル潰し選手権【まさかの展開】
gkrpdpg3pr5,2021/11/13,オールサガラ感謝祭2021～創業1周年内部告発SP～
12ro0o9lxrn,2021/11/15,【諜報員と一緒に！】ちくぱ第2弾お披露目会
olrygp67xr2,2021/11/22,相良茉優のFUN!FAN!FACTORY#55
