,id,message,created_at,yell_type,yell,user,to_user,chat_setting,is_moderating,is_deleted,has_banned_word,is_muted,chat_id,badges,id,name,image_url,image_url_small,animation_url,points,yells,ticker_seconds,channel,id,registered_user_id,openrec_user_id,recxuser_id,nickname,introduction,icon_image_url,l_icon_image_url,cover_image_url,l_cover_image_url,follows,followers,is_premium,is_official,is_fresh,is_warned,is_team,is_league_yell,is_live,is_stats_hidden,live_views,is_viewers_hidden,registered_at,last_updated_at,signed_in_with_facebook,signed_in_with_twitter,signed_in_with_google,signed_in_with_yahoo,signed_in_with_apple,user_status,is_creator,premium_start_at,premium_charge_type,premium_payment_status,has_ppv_permission,has_active_email_token,email,pending_email,twitter_screen_name,hidden_channels,has_confirmed_email,is_approved_account,blacklist_count,blacklist_limit,movie_id
0,554589,ä¼‘æ†©ä¸­é…ä¿¡åŠ©ã‹ã‚‹,2021-02-15T18:13:48+09:00,channel,"{'id': 247, 'name': '01_varentain', 'image_url': 'https://dqd0jw5gvbchn.cloudfront.net/yell/247/f0a0996e53ef3a658b57294af8fb65b4cb4d8e2d.gif', 'image_url_small': '', 'animation_url': '', 'points': 100, 'yells': 80, 'ticker_seconds': 15, 'channel': None}","{'id': 'matsu_bacchus', 'registered_user_id': True, 'openrec_user_id': 3804635, 'recxuser_id': 833352859, 'nickname': 'ã¾ã£ã¤ãã‚“', 'introduction': '', 'icon_image_url': 'https://hayabusa.io/openrec-image/user/8333529/833352859.w90.ttl3600.v1604288610.png?format=png', 'l_icon_image_url': 'https://hayabusa.io/openrec-image/user/8333529/833352859.w320.ttl3600.v1604288610.png?format=png', 'cover_image_url': '', 'l_cover_image_url': '', 'follows': 1, 'followers': 0, 'is_premium': False, 'is_official': False, 'is_fresh': False, 'is_warned': False, 'is_team': False, 'is_league_yell': False, 'is_live': False, 'is_stats_hidden': False, 'live_views': 0, 'is_viewers_hidden': True, 'registered_at': '2020-11-02T12:43:30+09:00', 'last_updated_at': None, 'signed_in_with_facebook': None, 'signed_in_with_twitter': None, 'signed_in_with_google': None, 'signed_in_with_yahoo': None, 'signed_in_with_apple': None, 'user_status': 'bang', 'is_creator': False, 'premium_start_at': None, 'premium_charge_type': None, 'premium_payment_status': None, 'has_ppv_permission': None, 'has_active_email_token': None, 'email': None, 'pending_email': None, 'twitter_screen_name': None, 'hidden_channels': None, 'has_confirmed_email': True, 'is_approved_account': True, 'blacklist_count': None, 'blacklist_limit': None}","{'id': 'sagara_mayu', 'registered_user_id': True, 'openrec_user_id': 3758330, 'recxuser_id': 823666191, 'nickname': 'ç›¸è‰¯èŒ‰å„ªã®FUNï¼FANï¼FACTORY', 'introduction': 'æ¯é€±æœˆæ›œæ—¥é…ä¿¡ã®ç›¸è‰¯èŒ‰å„ªãŒãƒ•ã‚¡ãƒ³ã¨ä¸€ç·’ã«æ¥½ã—ã„ã“ã¨ã‚’ä½œã£ã¦ã„ãç•ªçµ„ã§ã™ï¼\n\nç•ªçµ„æ¨å¥¨ãƒãƒƒã‚·ãƒ¥ã‚¿ã‚°ã€Œ#ã•ãŒã‚‰FFFã€\næ˜¯éãƒãƒƒã‚·ãƒ¥ã‚¿ã‚°ã‚’ä»˜ã‘ã¦ç•ªçµ„ã‚„ç›¸è‰¯èŒ‰å„ªã«ã¤ã„ã¦å‘Ÿã„ã¦ãã ã•ã„ï¼\n\nã€ŒDiscordã€ã«ã¦ã‚µãƒ–ã‚¹ã‚¯é™å®šã‚³ãƒŸãƒ¥ãƒ‹ãƒ†ã‚£ã‚‚é‹å–¶ä¸­ï¼\nä»¥ä¸‹ã‚ˆã‚Šé€£æºæ–¹æ³•ã‚’ã”ç¢ºèªãã ã•ã„ã€‚\nhttps://openrecnext.amebaownd.com/posts/11101764\n\nâ–¼ã‚µãƒ–ã‚¹ã‚¯ç‰¹å…¸\nAå¸­\nâ‘ ãƒ¡ãƒ³ãƒãƒ¼é™å®šæ”¾é€ãƒ»ã‚¢ãƒ¼ã‚«ã‚¤ãƒ–è¦‹æ”¾é¡Œ\nâ‘¡(å…¥ä¼šåˆæœˆã®ã¿)ç¿Œæœˆ10æ—¥é ƒã«OPENRECãƒã‚¤ãƒ³ãƒˆ300Ptä»˜ä¸\nâ‘¢ãŠèª•ç”Ÿæ—¥æœˆã«ãŠåå‰å…¥ã‚Šå†™çœŸãƒ—ãƒ¬ã‚¼ãƒ³ãƒˆ(é›†åˆ)â€»Discordã«ã¦å‰æœˆä¸­ã«ç”³ã—è¾¼ã¿ã®å¿…è¦ã‚ã‚Š\n\nSå¸­\nâ‘ ãƒ¡ãƒ³ãƒãƒ¼é™å®šæ”¾é€ãƒ»ã‚¢ãƒ¼ã‚«ã‚¤ãƒ–è¦‹æ”¾é¡Œ\nâ‘¡Så¸­ãƒ»SSå¸­é™å®šã‚ªãƒ•ã‚·ãƒ§ãƒƒãƒˆå†™çœŸãƒ—ãƒ¬ã‚¼ãƒ³ãƒˆ\nâ‘¢é™å®šã‚µã‚¤ãƒ³å…¥ã‚Šãƒã‚§ã‚­ã‚’æŠ½é¸ã§ãƒ—ãƒ¬ã‚¼ãƒ³ãƒˆ\nâ‘£(å…¥ä¼šåˆæœˆã®ã¿)ç¿Œæœˆ10æ—¥é ƒã«OPENRECãƒã‚¤ãƒ³ãƒˆ500Ptä»˜ä¸\nâ‘¤ãŠèª•ç”Ÿæ—¥æœˆã«ãŠåå‰å…¥ã‚Šå†™çœŸãƒ—ãƒ¬ã‚¼ãƒ³ãƒˆ(å€‹åˆ¥)â€»Discordã«ã¦å‰æœˆä¸­ã«ç”³ã—è¾¼ã¿ã®å¿…è¦ã‚ã‚Š\n\nSSå¸­\nâ‘ ãƒ¡ãƒ³ãƒãƒ¼é™å®šé…ä¿¡ãƒ»ã‚¢ãƒ¼ã‚«ã‚¤ãƒ–è¦‹æ”¾é¡Œ\nâ‘¡ã‚ªãƒ•ã‚·ãƒ§ãƒƒãƒˆå†™çœŸãƒ—ãƒ¬ã‚¼ãƒ³ãƒˆ\nâ‘¢é™å®šã‚µã‚¤ãƒ³å…¥ã‚Šãƒã‚§ã‚­ã‚’æŠ½é¸ã§ãƒ—ãƒ¬ã‚¼ãƒ³ãƒˆ\nâ‘£è¦–è´è€…å‚åŠ å‹ä¼ç”»å‚åŠ æ¨©åˆ©(æŠ½é¸)\nâ‘¤ã‚ªãƒ•ã‚·ãƒ§ãƒƒãƒˆå‹•ç”»è¦‹æ”¾é¡Œ\nâ‘¥Så¸­ãƒ»SSå¸­é™å®šã‚ªãƒ•ã‚·ãƒ§ãƒƒãƒˆ\nâ‘¦(å…¥ä¼šåˆæœˆã®ã¿)ç¿Œæœˆ10æ—¥é ƒã«OPENRECãƒã‚¤ãƒ³ãƒˆ800Ptä»˜ä¸\nâ‘§ãŠèª•ç”Ÿæ—¥æœˆã«ãŠåå‰ã‚’ãŠå‘¼ã³ã—ãŸãŠç¥ã„å‹•ç”»ã‚’ãƒ—ãƒ¬ã‚¼ãƒ³ãƒˆï¼\n\u3000(â€»Discordã«ã¦å‰æœˆã¾ã§ã«ç”³ã—è¾¼ã¿ã®å¿…è¦ã‚ã‚Š)\n\nâ– ç›¸è‰¯èŒ‰å„ªãƒ—ãƒ­ãƒ•ã‚£ãƒ¼ãƒ«\näº¬éƒ½åºœå‡ºèº«ã€‚4æœˆ17æ—¥ç”Ÿã¾ã‚Œã€‚Digital Doubleæ‰€å±ã€‚\nã€Œã‚¢ã‚¤ãƒ‰ãƒ«ãƒ¡ãƒ¢ãƒªãƒ¼ã‚ºã€æ¢¶åŸæœªæ¥ã§åˆã‚ã¦ã®ãƒ¡ã‚¤ãƒ³ã‚­ãƒ£ãƒ©ã‚’æ¼”ã˜ã€å£°å„ªã¨ã—ã¦æ´»å‹•ã‚’å§‹ã‚ã‚‹ã€‚\n2017å¹´ã€Œãƒ©ãƒ–ãƒ©ã‚¤ãƒ–ï¼è™¹ãƒ¶å’²å­¦åœ’ã‚¹ã‚¯ãƒ¼ãƒ«ã‚¢ã‚¤ãƒ‰ãƒ«åŒå¥½ä¼šã€ã§ä¸­é ˆã‹ã™ã¿ã«æŠœæ“¢ã•ã‚Œã€\nåŒä½œå“ã®ã‚¹ã‚¯ãƒ¼ãƒ«ã‚¢ã‚¤ãƒ‰ãƒ«ã¨ã—ã¦ç¾åœ¨æ”¾é€ä¸­ã®ã‚¢ãƒ‹ãƒ¡ã‚„ã‚²ãƒ¼ãƒ ãƒ»ãƒ©ã‚¤ãƒ–ã§æ´»å‹•ä¸­ã€‚\nä»–ã«ã‚‚ã€ã‚¢ãƒ—ãƒªã€Œã²ãã‚‰ã—ã®ãªãé ƒã«å‘½ã€(å…¬ç”±ä¸€ç©‚)ã€ã‚¢ãƒ—ãƒªã€Œãƒã‚®ã‚¢ãƒ¬ã‚³ãƒ¼ãƒ‰ é­”æ³•å°‘å¥³ã¾ã©ã‹â˜†ãƒã‚®ã‚«å¤–ä¼ã€(åºƒæ±Ÿã¡ã¯ã‚‹)ç­‰ã€å¤šæ•°ä½œå“ã«å‡ºæ¼”ã€‚2020å¹´æ˜¥ã«çŸ­ç·¨æ˜ ç”»ã€Œæ™‚ã€…ã¯ã€çœ ã‚Œãªã„å¤œã«ã€ã«åˆã‚ã¦å®Ÿå†™ã§ã®å‡ºæ¼”ã‚’æœãŸã—ãŸã€‚\n', 'icon_image_url': 'https://hayabusa.io/openrec-image/user/8236662/823666191_202010211143.w90.ttl3600.png?format=png', 'l_icon_image_url': 'https://hayabusa.io/openrec-image/user/8236662/823666191_202010211143.w320.ttl3600.png?format=png', 'cover_image_url': 'https://hayabusa.io/openrec-image/user_background/8236662/823666191_202010211143.w210.ttl3600.png?format=png', 'l_cover_image_url': 'https://dqd0jw5gvbchn.cloudfront.net/user_background/8236662/823666191_202010211143.png', 'follows': 2, 'followers': 3677, 'is_premium': True, 'is_official': True, 'is_fresh': False, 'is_warned': False, 'is_team': False, 'is_league_yell': False, 'is_live': False, 'is_stats_hidden': False, 'live_views': 0, 'is_viewers_hidden': True, 'registered_at': '2020-10-19T20:34:04+09:00', 'last_updated_at': '2021-11-13T20:00:01+09:00', 'signed_in_with_facebook': None, 'signed_in_with_twitter': None, 'signed_in_with_google': None, 'signed_in_with_yahoo': None, 'signed_in_with_apple': None, 'user_status': 'special', 'is_creator': True, 'premium_start_at': None, 'premium_charge_type': None, 'premium_payment_status': None, 'has_ppv_permission': None, 'has_active_email_token': None, 'email': None, 'pending_email': None, 'twitter_screen_name': None, 'hidden_channels': None, 'has_confirmed_email': True, 'is_approved_account': True, 'blacklist_count': None, 'blacklist_limit': None}","{'name_color': '#2468DF', 'is_premium_hidden': False, 'is_official_hidden': False, 'is_subs_badge_hidden': False, 'is_subs_duration_hidden': False}",False,False,False,False,437929041,"[{'id': 1574, 'image_url': 'https://dqd0jw5gvbchn.cloudfront.net/badge/subscription/template/a9c440f7-c013-36a3-4484-3e412f520cc7.png', 'label': 'SSå¸­', 'type': 'subscription', 'subscription': {'months': 13, 'tier': 2}}]",247,01_varentain,https://dqd0jw5gvbchn.cloudfront.net/yell/247/f0a0996e53ef3a658b57294af8fb65b4cb4d8e2d.gif,,,100,80,15,,matsu_bacchus,True,3804635,833352859,ã¾ã£ã¤ãã‚“,,https://hayabusa.io/openrec-image/user/8333529/833352859.w90.ttl3600.v1604288610.png?format=png,https://hayabusa.io/openrec-image/user/8333529/833352859.w320.ttl3600.v1604288610.png?format=png,,,1,0,False,False,False,False,False,False,False,False,0,True,2020-11-02T12:43:30+09:00,,,,,,,bang,False,,,,,,,,,,True,True,,,olryo0yqw82
1,554588,å®¿æ³Šè²»ã§ã™,2021-02-15T18:11:29+09:00,channel,"{'id': 248, 'name': '02_varentain', 'image_url': 'https://dqd0jw5gvbchn.cloudfront.net/yell/248/c602cf10037d318a09c188b876c273b0a92dc8d2.gif', 'image_url_small': '', 'animation_url': '', 'points': 200, 'yells': 160, 'ticker_seconds': 20, 'channel': None}","{'id': 'stealth_373', 'registered_user_id': True, 'openrec_user_id': 3805828, 'recxuser_id': 833551590, 'nickname': 'ã‚¹ãƒ†ãƒ«ã‚¹', 'introduction': '', 'icon_image_url': 'https://hayabusa.io/openrec-image/user/8335516/833551590.w90.ttl3600.v1604321295.png?format=png', 'l_icon_image_url': 'https://hayabusa.io/openrec-image/user/8335516/833551590.w320.ttl3600.v1604321295.png?format=png', 'cover_image_url': '', 'l_cover_image_url': '', 'follows': 1, 'followers': 0, 'is_premium': False, 'is_official': False, 'is_fresh': False, 'is_warned': False, 'is_team': False, 'is_league_yell': False, 'is_live': False, 'is_stats_hidden': False, 'live_views': 0, 'is_viewers_hidden': True, 'registered_at': '2020-11-02T19:23:51+09:00', 'last_updated_at': None, 'signed_in_with_facebook': None, 'signed_in_with_twitter': None, 'signed_in_with_google': None, 'signed_in_with_yahoo': None, 'signed_in_with_apple': None, 'user_status': 'bang', 'is_creator': False, 'premium_start_at': None, 'premium_charge_type': None, 'premium_payment_status': None, 'has_ppv_permission': None, 'has_active_email_token': None, 'email': None, 'pending_email': None, 'twitter_screen_name': None, 'hidden_channels': None, 'has_confirmed_email': True, 'is_approved_account': True, 'blacklist_count': None, 'blacklist_limit': None}","{'id': 'sagara_mayu', 'registered_user_id': True, 'openrec_user_id': 3758330, 'recxuser_id': 823666191, 'nickname': 'ç›¸è‰¯èŒ‰å„ªã®FUNï¼FANï¼FACTORY', 'introduction': 'æ¯é€±æœˆæ›œæ—¥é…ä¿¡ã®ç›¸è‰¯èŒ‰å„ªãŒãƒ•ã‚¡ãƒ³ã¨ä¸€ç·’ã«æ¥½ã—ã„ã“ã¨ã‚’ä½œã£ã¦ã„ãç•ªçµ„ã§ã™ï¼\n\nç•ªçµ„æ¨å¥¨ãƒãƒƒã‚·ãƒ¥ã‚¿ã‚°ã€Œ#ã•ãŒã‚‰FFFã€\næ˜¯éãƒãƒƒã‚·ãƒ¥ã‚¿ã‚°ã‚’ä»˜ã‘ã¦ç•ªçµ„ã‚„ç›¸è‰¯èŒ‰å„ªã«ã¤ã„ã¦å‘Ÿã„ã¦ãã ã•ã„ï¼\n\nã€ŒDiscordã€ã«ã¦ã‚µãƒ–ã‚¹ã‚¯é™å®šã‚³ãƒŸãƒ¥ãƒ‹ãƒ†ã‚£ã‚‚é‹å–¶ä¸­ï¼\nä»¥ä¸‹ã‚ˆã‚Šé€£æºæ–¹æ³•ã‚’ã”ç¢ºèªãã ã•ã„ã€‚\nhttps://openrecnext.amebaownd.com/posts/11101764\n\nâ–¼ã‚µãƒ–ã‚¹ã‚¯ç‰¹å…¸\nAå¸­\nâ‘ ãƒ¡ãƒ³ãƒãƒ¼é™å®šæ”¾é€ãƒ»ã‚¢ãƒ¼ã‚«ã‚¤ãƒ–è¦‹æ”¾é¡Œ\nâ‘¡(å…¥ä¼šåˆæœˆã®ã¿)ç¿Œæœˆ10æ—¥é ƒã«OPENRECãƒã‚¤ãƒ³ãƒˆ300Ptä»˜ä¸\nâ‘¢ãŠèª•ç”Ÿæ—¥æœˆã«ãŠåå‰å…¥ã‚Šå†™çœŸãƒ—ãƒ¬ã‚¼ãƒ³ãƒˆ(é›†åˆ)â€»Discordã«ã¦å‰æœˆä¸­ã«ç”³ã—è¾¼ã¿ã®å¿…è¦ã‚ã‚Š\n\nSå¸­\nâ‘ ãƒ¡ãƒ³ãƒãƒ¼é™å®šæ”¾é€ãƒ»ã‚¢ãƒ¼ã‚«ã‚¤ãƒ–è¦‹æ”¾é¡Œ\nâ‘¡Så¸­ãƒ»SSå¸­é™å®šã‚ªãƒ•ã‚·ãƒ§ãƒƒãƒˆå†™çœŸãƒ—ãƒ¬ã‚¼ãƒ³ãƒˆ\nâ‘¢é™å®šã‚µã‚¤ãƒ³å…¥ã‚Šãƒã‚§ã‚­ã‚’æŠ½é¸ã§ãƒ—ãƒ¬ã‚¼ãƒ³ãƒˆ\nâ‘£(å…¥ä¼šåˆæœˆã®ã¿)ç¿Œæœˆ10æ—¥é ƒã«OPENRECãƒã‚¤ãƒ³ãƒˆ500Ptä»˜ä¸\nâ‘¤ãŠèª•ç”Ÿæ—¥æœˆã«ãŠåå‰å…¥ã‚Šå†™çœŸãƒ—ãƒ¬ã‚¼ãƒ³ãƒˆ(å€‹åˆ¥)â€»Discordã«ã¦å‰æœˆä¸­ã«ç”³ã—è¾¼ã¿ã®å¿…è¦ã‚ã‚Š\n\nSSå¸­\nâ‘ ãƒ¡ãƒ³ãƒãƒ¼é™å®šé…ä¿¡ãƒ»ã‚¢ãƒ¼ã‚«ã‚¤ãƒ–è¦‹æ”¾é¡Œ\nâ‘¡ã‚ªãƒ•ã‚·ãƒ§ãƒƒãƒˆå†™çœŸãƒ—ãƒ¬ã‚¼ãƒ³ãƒˆ\nâ‘¢é™å®šã‚µã‚¤ãƒ³å…¥ã‚Šãƒã‚§ã‚­ã‚’æŠ½é¸ã§ãƒ—ãƒ¬ã‚¼ãƒ³ãƒˆ\nâ‘£è¦–è´è€…å‚åŠ å‹ä¼ç”»å‚åŠ æ¨©åˆ©(æŠ½é¸)\nâ‘¤ã‚ªãƒ•ã‚·ãƒ§ãƒƒãƒˆå‹•ç”»è¦‹æ”¾é¡Œ\nâ‘¥Så¸­ãƒ»SSå¸­é™å®šã‚ªãƒ•ã‚·ãƒ§ãƒƒãƒˆ\nâ‘¦(å…¥ä¼šåˆæœˆã®ã¿)ç¿Œæœˆ10æ—¥é ƒã«OPENRECãƒã‚¤ãƒ³ãƒˆ800Ptä»˜ä¸\nâ‘§ãŠèª•ç”Ÿæ—¥æœˆã«ãŠåå‰ã‚’ãŠå‘¼ã³ã—ãŸãŠç¥ã„å‹•ç”»ã‚’ãƒ—ãƒ¬ã‚¼ãƒ³ãƒˆï¼\n\u3000(â€»Discordã«ã¦å‰æœˆã¾ã§ã«ç”³ã—è¾¼ã¿ã®å¿…è¦ã‚ã‚Š)\n\nâ– ç›¸è‰¯èŒ‰å„ªãƒ—ãƒ­ãƒ•ã‚£ãƒ¼ãƒ«\näº¬éƒ½åºœå‡ºèº«ã€‚4æœˆ17æ—¥ç”Ÿã¾ã‚Œã€‚Digital Doubleæ‰€å±ã€‚\nã€Œã‚¢ã‚¤ãƒ‰ãƒ«ãƒ¡ãƒ¢ãƒªãƒ¼ã‚ºã€æ¢¶åŸæœªæ¥ã§åˆã‚ã¦ã®ãƒ¡ã‚¤ãƒ³ã‚­ãƒ£ãƒ©ã‚’æ¼”ã˜ã€å£°å„ªã¨ã—ã¦æ´»å‹•ã‚’å§‹ã‚ã‚‹ã€‚\n2017å¹´ã€Œãƒ©ãƒ–ãƒ©ã‚¤ãƒ–ï¼è™¹ãƒ¶å’²å­¦åœ’ã‚¹ã‚¯ãƒ¼ãƒ«ã‚¢ã‚¤ãƒ‰ãƒ«åŒå¥½ä¼šã€ã§ä¸­é ˆã‹ã™ã¿ã«æŠœæ“¢ã•ã‚Œã€\nåŒä½œå“ã®ã‚¹ã‚¯ãƒ¼ãƒ«ã‚¢ã‚¤ãƒ‰ãƒ«ã¨ã—ã¦ç¾åœ¨æ”¾é€ä¸­ã®ã‚¢ãƒ‹ãƒ¡ã‚„ã‚²ãƒ¼ãƒ ãƒ»ãƒ©ã‚¤ãƒ–ã§æ´»å‹•ä¸­ã€‚\nä»–ã«ã‚‚ã€ã‚¢ãƒ—ãƒªã€Œã²ãã‚‰ã—ã®ãªãé ƒã«å‘½ã€(å…¬ç”±ä¸€ç©‚)ã€ã‚¢ãƒ—ãƒªã€Œãƒã‚®ã‚¢ãƒ¬ã‚³ãƒ¼ãƒ‰ é­”æ³•å°‘å¥³ã¾ã©ã‹â˜†ãƒã‚®ã‚«å¤–ä¼ã€(åºƒæ±Ÿã¡ã¯ã‚‹)ç­‰ã€å¤šæ•°ä½œå“ã«å‡ºæ¼”ã€‚2020å¹´æ˜¥ã«çŸ­ç·¨æ˜ ç”»ã€Œæ™‚ã€…ã¯ã€çœ ã‚Œãªã„å¤œã«ã€ã«åˆã‚ã¦å®Ÿå†™ã§ã®å‡ºæ¼”ã‚’æœãŸã—ãŸã€‚\n', 'icon_image_url': 'https://hayabusa.io/openrec-image/user/8236662/823666191_202010211143.w90.ttl3600.png?format=png', 'l_icon_image_url': 'https://hayabusa.io/openrec-image/user/8236662/823666191_202010211143.w320.ttl3600.png?format=png', 'cover_image_url': 'https://hayabusa.io/openrec-image/user_background/8236662/823666191_202010211143.w210.ttl3600.png?format=png', 'l_cover_image_url': 'https://dqd0jw5gvbchn.cloudfront.net/user_background/8236662/823666191_202010211143.png', 'follows': 2, 'followers': 3677, 'is_premium': True, 'is_official': True, 'is_fresh': False, 'is_warned': False, 'is_team': False, 'is_league_yell': False, 'is_live': False, 'is_stats_hidden': False, 'live_views': 0, 'is_viewers_hidden': True, 'registered_at': '2020-10-19T20:34:04+09:00', 'last_updated_at': '2021-11-13T20:00:01+09:00', 'signed_in_with_facebook': None, 'signed_in_with_twitter': None, 'signed_in_with_google': None, 'signed_in_with_yahoo': None, 'signed_in_with_apple': None, 'user_status': 'special', 'is_creator': True, 'premium_start_at': None, 'premium_charge_type': None, 'premium_payment_status': None, 'has_ppv_permission': None, 'has_active_email_token': None, 'email': None, 'pending_email': None, 'twitter_screen_name': None, 'hidden_channels': None, 'has_confirmed_email': True, 'is_approved_account': True, 'blacklist_count': None, 'blacklist_limit': None}","{'name_color': '#F75D52', 'is_premium_hidden': False, 'is_official_hidden': False, 'is_subs_badge_hidden': False, 'is_subs_duration_hidden': False}",False,False,False,False,437928559,"[{'id': 1574, 'image_url': 'https://dqd0jw5gvbchn.cloudfront.net/badge/subscription/template/a9c440f7-c013-36a3-4484-3e412f520cc7.png', 'label': 'SSå¸­', 'type': 'subscription', 'subscription': {'months': 13, 'tier': 2}}]",248,02_varentain,https://dqd0jw5gvbchn.cloudfront.net/yell/248/c602cf10037d318a09c188b876c273b0a92dc8d2.gif,,,200,160,20,,stealth_373,True,3805828,833551590,ã‚¹ãƒ†ãƒ«ã‚¹,,https://hayabusa.io/openrec-image/user/8335516/833551590.w90.ttl3600.v1604321295.png?format=png,https://hayabusa.io/openrec-image/user/8335516/833551590.w320.ttl3600.v1604321295.png?format=png,,,1,0,False,False,False,False,False,False,False,False,0,True,2020-11-02T19:23:51+09:00,,,,,,,bang,False,,,,,,,,,,True,True,,,olryo0yqw82
2,554586,ä»Šæ—¥ã¯ä½•æ™‚é–“æ ã§ã™ã‹ï¼Ÿ,2021-02-15T18:06:06+09:00,channel,"{'id': 247, 'name': '01_varentain', 'image_url': 'https://dqd0jw5gvbchn.cloudfront.net/yell/247/f0a0996e53ef3a658b57294af8fb65b4cb4d8e2d.gif', 'image_url_small': '', 'animation_url': '', 'points': 100, 'yells': 80, 'ticker_seconds': 15, 'channel': None}","{'id': 'softpink101', 'registered_user_id': True, 'openrec_user_id': 637755, 'recxuser_id': 81517196, 'nickname': 'ãµã‹ãµã‹ã´ã‚“ã', 'introduction': '\n\n', 'icon_image_url': 'https://hayabusa.io/openrec-image/user/815172/81517196.w90.ttl3600.v1592474719.png?format=png', 'l_icon_image_url': 'https://hayabusa.io/openrec-image/user/815172/81517196.w320.ttl3600.v1592474719.png?format=png', 'cover_image_url': 'https://hayabusa.io/openrec-image/user_background/815172/81517196_cover.w210.ttl3600.v1497955961.png?format=png', 'l_cover_image_url': 'https://dqd0jw5gvbchn.cloudfront.net/user_background/815172/81517196_cover.png?1497955961', 'follows': 8, 'followers': 0, 'is_premium': False, 'is_official': False, 'is_fresh': False, 'is_warned': False, 'is_team': False, 'is_league_yell': False, 'is_live': False, 'is_stats_hidden': False, 'live_views': 0, 'is_viewers_hidden': True, 'registered_at': '2017-04-25T20:06:17+09:00', 'last_updated_at': None, 'signed_in_with_facebook': None, 'signed_in_with_twitter': None, 'signed_in_with_google': None, 'signed_in_with_yahoo': None, 'signed_in_with_apple': None, 'user_status': 'bang', 'is_creator': False, 'premium_start_at': None, 'premium_charge_type': None, 'premium_payment_status': None, 'has_ppv_permission': None, 'has_active_email_token': None, 'email': None, 'pending_email': None, 'twitter_screen_name': None, 'hidden_channels': None, 'has_confirmed_email': True, 'is_approved_account': True, 'blacklist_count': None, 'blacklist_limit': None}","{'id': 'sagara_mayu', 'registered_user_id': True, 'openrec_user_id': 3758330, 'recxuser_id': 823666191, 'nickname': 'ç›¸è‰¯èŒ‰å„ªã®FUNï¼FANï¼FACTORY', 'introduction': 'æ¯é€±æœˆæ›œæ—¥é…ä¿¡ã®ç›¸è‰¯èŒ‰å„ªãŒãƒ•ã‚¡ãƒ³ã¨ä¸€ç·’ã«æ¥½ã—ã„ã“ã¨ã‚’ä½œã£ã¦ã„ãç•ªçµ„ã§ã™ï¼\n\nç•ªçµ„æ¨å¥¨ãƒãƒƒã‚·ãƒ¥ã‚¿ã‚°ã€Œ#ã•ãŒã‚‰FFFã€\næ˜¯éãƒãƒƒã‚·ãƒ¥ã‚¿ã‚°ã‚’ä»˜ã‘ã¦ç•ªçµ„ã‚„ç›¸è‰¯èŒ‰å„ªã«ã¤ã„ã¦å‘Ÿã„ã¦ãã ã•ã„ï¼\n\nã€ŒDiscordã€ã«ã¦ã‚µãƒ–ã‚¹ã‚¯é™å®šã‚³ãƒŸãƒ¥ãƒ‹ãƒ†ã‚£ã‚‚é‹å–¶ä¸­ï¼\nä»¥ä¸‹ã‚ˆã‚Šé€£æºæ–¹æ³•ã‚’ã”ç¢ºèªãã ã•ã„ã€‚\nhttps://openrecnext.amebaownd.com/posts/11101764\n\nâ–¼ã‚µãƒ–ã‚¹ã‚¯ç‰¹å…¸\nAå¸­\nâ‘ ãƒ¡ãƒ³ãƒãƒ¼é™å®šæ”¾é€ãƒ»ã‚¢ãƒ¼ã‚«ã‚¤ãƒ–è¦‹æ”¾é¡Œ\nâ‘¡(å…¥ä¼šåˆæœˆã®ã¿)ç¿Œæœˆ10æ—¥é ƒã«OPENRECãƒã‚¤ãƒ³ãƒˆ300Ptä»˜ä¸\nâ‘¢ãŠèª•ç”Ÿæ—¥æœˆã«ãŠåå‰å…¥ã‚Šå†™çœŸãƒ—ãƒ¬ã‚¼ãƒ³ãƒˆ(é›†åˆ)â€»Discordã«ã¦å‰æœˆä¸­ã«ç”³ã—è¾¼ã¿ã®å¿…è¦ã‚ã‚Š\n\nSå¸­\nâ‘ ãƒ¡ãƒ³ãƒãƒ¼é™å®šæ”¾é€ãƒ»ã‚¢ãƒ¼ã‚«ã‚¤ãƒ–è¦‹æ”¾é¡Œ\nâ‘¡Så¸­ãƒ»SSå¸­é™å®šã‚ªãƒ•ã‚·ãƒ§ãƒƒãƒˆå†™çœŸãƒ—ãƒ¬ã‚¼ãƒ³ãƒˆ\nâ‘¢é™å®šã‚µã‚¤ãƒ³å…¥ã‚Šãƒã‚§ã‚­ã‚’æŠ½é¸ã§ãƒ—ãƒ¬ã‚¼ãƒ³ãƒˆ\nâ‘£(å…¥ä¼šåˆæœˆã®ã¿)ç¿Œæœˆ10æ—¥é ƒã«OPENRECãƒã‚¤ãƒ³ãƒˆ500Ptä»˜ä¸\nâ‘¤ãŠèª•ç”Ÿæ—¥æœˆã«ãŠåå‰å…¥ã‚Šå†™çœŸãƒ—ãƒ¬ã‚¼ãƒ³ãƒˆ(å€‹åˆ¥)â€»Discordã«ã¦å‰æœˆä¸­ã«ç”³ã—è¾¼ã¿ã®å¿…è¦ã‚ã‚Š\n\nSSå¸­\nâ‘ ãƒ¡ãƒ³ãƒãƒ¼é™å®šé…ä¿¡ãƒ»ã‚¢ãƒ¼ã‚«ã‚¤ãƒ–è¦‹æ”¾é¡Œ\nâ‘¡ã‚ªãƒ•ã‚·ãƒ§ãƒƒãƒˆå†™çœŸãƒ—ãƒ¬ã‚¼ãƒ³ãƒˆ\nâ‘¢é™å®šã‚µã‚¤ãƒ³å…¥ã‚Šãƒã‚§ã‚­ã‚’æŠ½é¸ã§ãƒ—ãƒ¬ã‚¼ãƒ³ãƒˆ\nâ‘£è¦–è´è€…å‚åŠ å‹ä¼ç”»å‚åŠ æ¨©åˆ©(æŠ½é¸)\nâ‘¤ã‚ªãƒ•ã‚·ãƒ§ãƒƒãƒˆå‹•ç”»è¦‹æ”¾é¡Œ\nâ‘¥Så¸­ãƒ»SSå¸­é™å®šã‚ªãƒ•ã‚·ãƒ§ãƒƒãƒˆ\nâ‘¦(å…¥ä¼šåˆæœˆã®ã¿)ç¿Œæœˆ10æ—¥é ƒã«OPENRECãƒã‚¤ãƒ³ãƒˆ800Ptä»˜ä¸\nâ‘§ãŠèª•ç”Ÿæ—¥æœˆã«ãŠåå‰ã‚’ãŠå‘¼ã³ã—ãŸãŠç¥ã„å‹•ç”»ã‚’ãƒ—ãƒ¬ã‚¼ãƒ³ãƒˆï¼\n\u3000(â€»Discordã«ã¦å‰æœˆã¾ã§ã«ç”³ã—è¾¼ã¿ã®å¿…è¦ã‚ã‚Š)\n\nâ– ç›¸è‰¯èŒ‰å„ªãƒ—ãƒ­ãƒ•ã‚£ãƒ¼ãƒ«\näº¬éƒ½åºœå‡ºèº«ã€‚4æœˆ17æ—¥ç”Ÿã¾ã‚Œã€‚Digital Doubleæ‰€å±ã€‚\nã€Œã‚¢ã‚¤ãƒ‰ãƒ«ãƒ¡ãƒ¢ãƒªãƒ¼ã‚ºã€æ¢¶åŸæœªæ¥ã§åˆã‚ã¦ã®ãƒ¡ã‚¤ãƒ³ã‚­ãƒ£ãƒ©ã‚’æ¼”ã˜ã€å£°å„ªã¨ã—ã¦æ´»å‹•ã‚’å§‹ã‚ã‚‹ã€‚\n2017å¹´ã€Œãƒ©ãƒ–ãƒ©ã‚¤ãƒ–ï¼è™¹ãƒ¶å’²å­¦åœ’ã‚¹ã‚¯ãƒ¼ãƒ«ã‚¢ã‚¤ãƒ‰ãƒ«åŒå¥½ä¼šã€ã§ä¸­é ˆã‹ã™ã¿ã«æŠœæ“¢ã•ã‚Œã€\nåŒä½œå“ã®ã‚¹ã‚¯ãƒ¼ãƒ«ã‚¢ã‚¤ãƒ‰ãƒ«ã¨ã—ã¦ç¾åœ¨æ”¾é€ä¸­ã®ã‚¢ãƒ‹ãƒ¡ã‚„ã‚²ãƒ¼ãƒ ãƒ»ãƒ©ã‚¤ãƒ–ã§æ´»å‹•ä¸­ã€‚\nä»–ã«ã‚‚ã€ã‚¢ãƒ—ãƒªã€Œã²ãã‚‰ã—ã®ãªãé ƒã«å‘½ã€(å…¬ç”±ä¸€ç©‚)ã€ã‚¢ãƒ—ãƒªã€Œãƒã‚®ã‚¢ãƒ¬ã‚³ãƒ¼ãƒ‰ é­”æ³•å°‘å¥³ã¾ã©ã‹â˜†ãƒã‚®ã‚«å¤–ä¼ã€(åºƒæ±Ÿã¡ã¯ã‚‹)ç­‰ã€å¤šæ•°ä½œå“ã«å‡ºæ¼”ã€‚2020å¹´æ˜¥ã«çŸ­ç·¨æ˜ ç”»ã€Œæ™‚ã€…ã¯ã€çœ ã‚Œãªã„å¤œã«ã€ã«åˆã‚ã¦å®Ÿå†™ã§ã®å‡ºæ¼”ã‚’æœãŸã—ãŸã€‚\n', 'icon_image_url': 'https://hayabusa.io/openrec-image/user/8236662/823666191_202010211143.w90.ttl3600.png?format=png', 'l_icon_image_url': 'https://hayabusa.io/openrec-image/user/8236662/823666191_202010211143.w320.ttl3600.png?format=png', 'cover_image_url': 'https://hayabusa.io/openrec-image/user_background/8236662/823666191_202010211143.w210.ttl3600.png?format=png', 'l_cover_image_url': 'https://dqd0jw5gvbchn.cloudfront.net/user_background/8236662/823666191_202010211143.png', 'follows': 2, 'followers': 3677, 'is_premium': True, 'is_official': True, 'is_fresh': False, 'is_warned': False, 'is_team': False, 'is_league_yell': False, 'is_live': False, 'is_stats_hidden': False, 'live_views': 0, 'is_viewers_hidden': True, 'registered_at': '2020-10-19T20:34:04+09:00', 'last_updated_at': '2021-11-13T20:00:01+09:00', 'signed_in_with_facebook': None, 'signed_in_with_twitter': None, 'signed_in_with_google': None, 'signed_in_with_yahoo': None, 'signed_in_with_apple': None, 'user_status': 'special', 'is_creator': True, 'premium_start_at': None, 'premium_charge_type': None, 'premium_payment_status': None, 'has_ppv_permission': None, 'has_active_email_token': None, 'email': None, 'pending_email': None, 'twitter_screen_name': None, 'hidden_channels': None, 'has_confirmed_email': True, 'is_approved_account': True, 'blacklist_count': None, 'blacklist_limit': None}","{'name_color': '#FB7642', 'is_premium_hidden': False, 'is_official_hidden': False, 'is_subs_badge_hidden': False, 'is_subs_duration_hidden': False}",False,False,False,False,437927450,"[{'id': 1574, 'image_url': 'https://dqd0jw5gvbchn.cloudfront.net/badge/subscription/template/a9c440f7-c013-36a3-4484-3e412f520cc7.png', 'label': 'SSå¸­', 'type': 'subscription', 'subscription': {'months': 13, 'tier': 2}}]",247,01_varentain,https://dqd0jw5gvbchn.cloudfront.net/yell/247/f0a0996e53ef3a658b57294af8fb65b4cb4d8e2d.gif,,,100,80,15,,softpink101,True,637755,81517196,ãµã‹ãµã‹ã´ã‚“ã,"

",https://hayabusa.io/openrec-image/user/815172/81517196.w90.ttl3600.v1592474719.png?format=png,https://hayabusa.io/openrec-image/user/815172/81517196.w320.ttl3600.v1592474719.png?format=png,https://hayabusa.io/openrec-image/user_background/815172/81517196_cover.w210.ttl3600.v1497955961.png?format=png,https://dqd0jw5gvbchn.cloudfront.net/user_background/815172/81517196_cover.png?1497955961,8,0,False,False,False,False,False,False,False,False,0,True,2017-04-25T20:06:17+09:00,,,,,,,bang,False,,,,,,,,,,True,True,,,olryo0yqw82
3,554585,é…ä¿¡åŠ©ã‹ã‚‹,2021-02-15T18:03:43+09:00,channel,"{'id': 251, 'name': '05_varentain', 'image_url': 'https://dqd0jw5gvbchn.cloudfront.net/yell/251/b1bb99f29b9dbe84d2ccd66da110b7c7fb500549.gif', 'image_url_small': '', 'animation_url': '', 'points': 1250, 'yells': 1000, 'ticker_seconds': 30, 'channel': None}","{'id': 'aki_313_east', 'registered_user_id': True, 'openrec_user_id': 3822043, 'recxuser_id': 838459486, 'nickname': 'aki@è«œå ±å“¡', 'introduction': '', 'icon_image_url': 'https://hayabusa.io/openrec-image/user/8384595/838459486.w90.ttl3600.v1607338715.png?format=png', 'l_icon_image_url': 'https://hayabusa.io/openrec-image/user/8384595/838459486.w320.ttl3600.v1607338715.png?format=png', 'cover_image_url': '', 'l_cover_image_url': '', 'follows': 4, 'followers': 1, 'is_premium': False, 'is_official': False, 'is_fresh': False, 'is_warned': False, 'is_team': False, 'is_league_yell': False, 'is_live': False, 'is_stats_hidden': False, 'live_views': 0, 'is_viewers_hidden': True, 'registered_at': '2020-11-09T19:42:19+09:00', 'last_updated_at': None, 'signed_in_with_facebook': None, 'signed_in_with_twitter': None, 'signed_in_with_google': None, 'signed_in_with_yahoo': None, 'signed_in_with_apple': None, 'user_status': 'bang', 'is_creator': False, 'premium_start_at': None, 'premium_charge_type': None, 'premium_payment_status': None, 'has_ppv_permission': None, 'has_active_email_token': None, 'email': None, 'pending_email': None, 'twitter_screen_name': None, 'hidden_channels': None, 'has_confirmed_email': True, 'is_approved_account': True, 'blacklist_count': None, 'blacklist_limit': None}","{'id': 'sagara_mayu', 'registered_user_id': True, 'openrec_user_id': 3758330, 'recxuser_id': 823666191, 'nickname': 'ç›¸è‰¯èŒ‰å„ªã®FUNï¼FANï¼FACTORY', 'introduction': 'æ¯é€±æœˆæ›œæ—¥é…ä¿¡ã®ç›¸è‰¯èŒ‰å„ªãŒãƒ•ã‚¡ãƒ³ã¨ä¸€ç·’ã«æ¥½ã—ã„ã“ã¨ã‚’ä½œã£ã¦ã„ãç•ªçµ„ã§ã™ï¼\n\nç•ªçµ„æ¨å¥¨ãƒãƒƒã‚·ãƒ¥ã‚¿ã‚°ã€Œ#ã•ãŒã‚‰FFFã€\næ˜¯éãƒãƒƒã‚·ãƒ¥ã‚¿ã‚°ã‚’ä»˜ã‘ã¦ç•ªçµ„ã‚„ç›¸è‰¯èŒ‰å„ªã«ã¤ã„ã¦å‘Ÿã„ã¦ãã ã•ã„ï¼\n\nã€ŒDiscordã€ã«ã¦ã‚µãƒ–ã‚¹ã‚¯é™å®šã‚³ãƒŸãƒ¥ãƒ‹ãƒ†ã‚£ã‚‚é‹å–¶ä¸­ï¼\nä»¥ä¸‹ã‚ˆã‚Šé€£æºæ–¹æ³•ã‚’ã”ç¢ºèªãã ã•ã„ã€‚\nhttps://openrecnext.amebaownd.com/posts/11101764\n\nâ–¼ã‚µãƒ–ã‚¹ã‚¯ç‰¹å…¸\nAå¸­\nâ‘ ãƒ¡ãƒ³ãƒãƒ¼é™å®šæ”¾é€ãƒ»ã‚¢ãƒ¼ã‚«ã‚¤ãƒ–è¦‹æ”¾é¡Œ\nâ‘¡(å…¥ä¼šåˆæœˆã®ã¿)ç¿Œæœˆ10æ—¥é ƒã«OPENRECãƒã‚¤ãƒ³ãƒˆ300Ptä»˜ä¸\nâ‘¢ãŠèª•ç”Ÿæ—¥æœˆã«ãŠåå‰å…¥ã‚Šå†™çœŸãƒ—ãƒ¬ã‚¼ãƒ³ãƒˆ(é›†åˆ)â€»Discordã«ã¦å‰æœˆä¸­ã«ç”³ã—è¾¼ã¿ã®å¿…è¦ã‚ã‚Š\n\nSå¸­\nâ‘ ãƒ¡ãƒ³ãƒãƒ¼é™å®šæ”¾é€ãƒ»ã‚¢ãƒ¼ã‚«ã‚¤ãƒ–è¦‹æ”¾é¡Œ\nâ‘¡Så¸­ãƒ»SSå¸­é™å®šã‚ªãƒ•ã‚·ãƒ§ãƒƒãƒˆå†™çœŸãƒ—ãƒ¬ã‚¼ãƒ³ãƒˆ\nâ‘¢é™å®šã‚µã‚¤ãƒ³å…¥ã‚Šãƒã‚§ã‚­ã‚’æŠ½é¸ã§ãƒ—ãƒ¬ã‚¼ãƒ³ãƒˆ\nâ‘£(å…¥ä¼šåˆæœˆã®ã¿)ç¿Œæœˆ10æ—¥é ƒã«OPENRECãƒã‚¤ãƒ³ãƒˆ500Ptä»˜ä¸\nâ‘¤ãŠèª•ç”Ÿæ—¥æœˆã«ãŠåå‰å…¥ã‚Šå†™çœŸãƒ—ãƒ¬ã‚¼ãƒ³ãƒˆ(å€‹åˆ¥)â€»Discordã«ã¦å‰æœˆä¸­ã«ç”³ã—è¾¼ã¿ã®å¿…è¦ã‚ã‚Š\n\nSSå¸­\nâ‘ ãƒ¡ãƒ³ãƒãƒ¼é™å®šé…ä¿¡ãƒ»ã‚¢ãƒ¼ã‚«ã‚¤ãƒ–è¦‹æ”¾é¡Œ\nâ‘¡ã‚ªãƒ•ã‚·ãƒ§ãƒƒãƒˆå†™çœŸãƒ—ãƒ¬ã‚¼ãƒ³ãƒˆ\nâ‘¢é™å®šã‚µã‚¤ãƒ³å…¥ã‚Šãƒã‚§ã‚­ã‚’æŠ½é¸ã§ãƒ—ãƒ¬ã‚¼ãƒ³ãƒˆ\nâ‘£è¦–è´è€…å‚åŠ å‹ä¼ç”»å‚åŠ æ¨©åˆ©(æŠ½é¸)\nâ‘¤ã‚ªãƒ•ã‚·ãƒ§ãƒƒãƒˆå‹•ç”»è¦‹æ”¾é¡Œ\nâ‘¥Så¸­ãƒ»SSå¸­é™å®šã‚ªãƒ•ã‚·ãƒ§ãƒƒãƒˆ\nâ‘¦(å…¥ä¼šåˆæœˆã®ã¿)ç¿Œæœˆ10æ—¥é ƒã«OPENRECãƒã‚¤ãƒ³ãƒˆ800Ptä»˜ä¸\nâ‘§ãŠèª•ç”Ÿæ—¥æœˆã«ãŠåå‰ã‚’ãŠå‘¼ã³ã—ãŸãŠç¥ã„å‹•ç”»ã‚’ãƒ—ãƒ¬ã‚¼ãƒ³ãƒˆï¼\n\u3000(â€»Discordã«ã¦å‰æœˆã¾ã§ã«ç”³ã—è¾¼ã¿ã®å¿…è¦ã‚ã‚Š)\n\nâ– ç›¸è‰¯èŒ‰å„ªãƒ—ãƒ­ãƒ•ã‚£ãƒ¼ãƒ«\näº¬éƒ½åºœå‡ºèº«ã€‚4æœˆ17æ—¥ç”Ÿã¾ã‚Œã€‚Digital Doubleæ‰€å±ã€‚\nã€Œã‚¢ã‚¤ãƒ‰ãƒ«ãƒ¡ãƒ¢ãƒªãƒ¼ã‚ºã€æ¢¶åŸæœªæ¥ã§åˆã‚ã¦ã®ãƒ¡ã‚¤ãƒ³ã‚­ãƒ£ãƒ©ã‚’æ¼”ã˜ã€å£°å„ªã¨ã—ã¦æ´»å‹•ã‚’å§‹ã‚ã‚‹ã€‚\n2017å¹´ã€Œãƒ©ãƒ–ãƒ©ã‚¤ãƒ–ï¼è™¹ãƒ¶å’²å­¦åœ’ã‚¹ã‚¯ãƒ¼ãƒ«ã‚¢ã‚¤ãƒ‰ãƒ«åŒå¥½ä¼šã€ã§ä¸­é ˆã‹ã™ã¿ã«æŠœæ“¢ã•ã‚Œã€\nåŒä½œå“ã®ã‚¹ã‚¯ãƒ¼ãƒ«ã‚¢ã‚¤ãƒ‰ãƒ«ã¨ã—ã¦ç¾åœ¨æ”¾é€ä¸­ã®ã‚¢ãƒ‹ãƒ¡ã‚„ã‚²ãƒ¼ãƒ ãƒ»ãƒ©ã‚¤ãƒ–ã§æ´»å‹•ä¸­ã€‚\nä»–ã«ã‚‚ã€ã‚¢ãƒ—ãƒªã€Œã²ãã‚‰ã—ã®ãªãé ƒã«å‘½ã€(å…¬ç”±ä¸€ç©‚)ã€ã‚¢ãƒ—ãƒªã€Œãƒã‚®ã‚¢ãƒ¬ã‚³ãƒ¼ãƒ‰ é­”æ³•å°‘å¥³ã¾ã©ã‹â˜†ãƒã‚®ã‚«å¤–ä¼ã€(åºƒæ±Ÿã¡ã¯ã‚‹)ç­‰ã€å¤šæ•°ä½œå“ã«å‡ºæ¼”ã€‚2020å¹´æ˜¥ã«çŸ­ç·¨æ˜ ç”»ã€Œæ™‚ã€…ã¯ã€çœ ã‚Œãªã„å¤œã«ã€ã«åˆã‚ã¦å®Ÿå†™ã§ã®å‡ºæ¼”ã‚’æœãŸã—ãŸã€‚\n', 'icon_image_url': 'https://hayabusa.io/openrec-image/user/8236662/823666191_202010211143.w90.ttl3600.png?format=png', 'l_icon_image_url': 'https://hayabusa.io/openrec-image/user/8236662/823666191_202010211143.w320.ttl3600.png?format=png', 'cover_image_url': 'https://hayabusa.io/openrec-image/user_background/8236662/823666191_202010211143.w210.ttl3600.png?format=png', 'l_cover_image_url': 'https://dqd0jw5gvbchn.cloudfront.net/user_background/8236662/823666191_202010211143.png', 'follows': 2, 'followers': 3677, 'is_premium': True, 'is_official': True, 'is_fresh': False, 'is_warned': False, 'is_team': False, 'is_league_yell': False, 'is_live': False, 'is_stats_hidden': False, 'live_views': 0, 'is_viewers_hidden': True, 'registered_at': '2020-10-19T20:34:04+09:00', 'last_updated_at': '2021-11-13T20:00:01+09:00', 'signed_in_with_facebook': None, 'signed_in_with_twitter': None, 'signed_in_with_google': None, 'signed_in_with_yahoo': None, 'signed_in_with_apple': None, 'user_status': 'special', 'is_creator': True, 'premium_start_at': None, 'premium_charge_type': None, 'premium_payment_status': None, 'has_ppv_permission': None, 'has_active_email_token': None, 'email': None, 'pending_email': None, 'twitter_screen_name': None, 'hidden_channels': None, 'has_confirmed_email': True, 'is_approved_account': True, 'blacklist_count': None, 'blacklist_limit': None}","{'name_color': '#FB7642', 'is_premium_hidden': False, 'is_official_hidden': False, 'is_subs_badge_hidden': False, 'is_subs_duration_hidden': False}",False,False,False,False,437927088,"[{'id': 1574, 'image_url': 'https://dqd0jw5gvbchn.cloudfront.net/badge/subscription/template/a9c440f7-c013-36a3-4484-3e412f520cc7.png', 'label': 'SSå¸­', 'type': 'subscription', 'subscription': {'months': 13, 'tier': 2}}]",251,05_varentain,https://dqd0jw5gvbchn.cloudfront.net/yell/251/b1bb99f29b9dbe84d2ccd66da110b7c7fb500549.gif,,,1250,1000,30,,aki_313_east,True,3822043,838459486,aki@è«œå ±å“¡,,https://hayabusa.io/openrec-image/user/8384595/838459486.w90.ttl3600.v1607338715.png?format=png,https://hayabusa.io/openrec-image/user/8384595/838459486.w320.ttl3600.v1607338715.png?format=png,,,4,1,False,False,False,False,False,False,False,False,0,True,2020-11-09T19:42:19+09:00,,,,,,,bang,False,,,,,,,,,,True,True,,,olryo0yqw82
4,554584,ä»•äº‹æˆ»ã‚Šã¾ãƒ¼ã™,2021-02-15T18:01:33+09:00,channel,"{'id': 248, 'name': '02_varentain', 'image_url': 'https://dqd0jw5gvbchn.cloudfront.net/yell/248/c602cf10037d318a09c188b876c273b0a92dc8d2.gif', 'image_url_small': '', 'animation_url': '', 'points': 200, 'yells': 160, 'ticker_seconds': 20, 'channel': None}","{'id': 'rippiter_inamin', 'registered_user_id': True, 'openrec_user_id': 3748028, 'recxuser_id': 820212968, 'nickname': 'ã‚ªãƒãƒŠ', 'introduction': 'ã‚ˆã‚ã—ããŠé¡˜ã„ã—ã¾ã™ã€‚\nãƒ©ãƒ–ãƒ©ã‚¤ãƒ–å¤§å¥½ãã§ã™ã€‚\næ¨ã—ã¯ã€é£¯ç”°é‡Œç©‚ã•ã‚“ã¨ä¼Šæ³¢ææ¨¹ã•ã‚“ã¨ç›¸è‰¯èŒ‰å„ªã•ã‚“ã§ã™ã€‚', 'icon_image_url': 'https://hayabusa.io/openrec-image/user/8202130/820212968.w90.ttl3600.v1605589337.png?format=png', 'l_icon_image_url': 'https://hayabusa.io/openrec-image/user/8202130/820212968.w320.ttl3600.v1605589337.png?format=png', 'cover_image_url': 'https://hayabusa.io/openrec-image/user_background/8202130/820212968_cover.w210.ttl3600.v1604245942.png?format=png', 'l_cover_image_url': 'https://dqd0jw5gvbchn.cloudfront.net/user_background/8202130/820212968_cover.png?1604245942', 'follows': 5, 'followers': 2, 'is_premium': False, 'is_official': False, 'is_fresh': False, 'is_warned': False, 'is_team': False, 'is_league_yell': False, 'is_live': False, 'is_stats_hidden': False, 'live_views': 0, 'is_viewers_hidden': True, 'registered_at': '2020-10-14T22:33:07+09:00', 'last_updated_at': None, 'signed_in_with_facebook': None, 'signed_in_with_twitter': None, 'signed_in_with_google': None, 'signed_in_with_yahoo': None, 'signed_in_with_apple': None, 'user_status': 'bang', 'is_creator': False, 'premium_start_at': None, 'premium_charge_type': None, 'premium_payment_status': None, 'has_ppv_permission': None, 'has_active_email_token': None, 'email': None, 'pending_email': None, 'twitter_screen_name': None, 'hidden_channels': None, 'has_confirmed_email': True, 'is_approved_account': True, 'blacklist_count': None, 'blacklist_limit': None}","{'id': 'sagara_mayu', 'registered_user_id': True, 'openrec_user_id': 3758330, 'recxuser_id': 823666191, 'nickname': 'ç›¸è‰¯èŒ‰å„ªã®FUNï¼FANï¼FACTORY', 'introduction': 'æ¯é€±æœˆæ›œæ—¥é…ä¿¡ã®ç›¸è‰¯èŒ‰å„ªãŒãƒ•ã‚¡ãƒ³ã¨ä¸€ç·’ã«æ¥½ã—ã„ã“ã¨ã‚’ä½œã£ã¦ã„ãç•ªçµ„ã§ã™ï¼\n\nç•ªçµ„æ¨å¥¨ãƒãƒƒã‚·ãƒ¥ã‚¿ã‚°ã€Œ#ã•ãŒã‚‰FFFã€\næ˜¯éãƒãƒƒã‚·ãƒ¥ã‚¿ã‚°ã‚’ä»˜ã‘ã¦ç•ªçµ„ã‚„ç›¸è‰¯èŒ‰å„ªã«ã¤ã„ã¦å‘Ÿã„ã¦ãã ã•ã„ï¼\n\nã€ŒDiscordã€ã«ã¦ã‚µãƒ–ã‚¹ã‚¯é™å®šã‚³ãƒŸãƒ¥ãƒ‹ãƒ†ã‚£ã‚‚é‹å–¶ä¸­ï¼\nä»¥ä¸‹ã‚ˆã‚Šé€£æºæ–¹æ³•ã‚’ã”ç¢ºèªãã ã•ã„ã€‚\nhttps://openrecnext.amebaownd.com/posts/11101764\n\nâ–¼ã‚µãƒ–ã‚¹ã‚¯ç‰¹å…¸\nAå¸­\nâ‘ ãƒ¡ãƒ³ãƒãƒ¼é™å®šæ”¾é€ãƒ»ã‚¢ãƒ¼ã‚«ã‚¤ãƒ–è¦‹æ”¾é¡Œ\nâ‘¡(å…¥ä¼šåˆæœˆã®ã¿)ç¿Œæœˆ10æ—¥é ƒã«OPENRECãƒã‚¤ãƒ³ãƒˆ300Ptä»˜ä¸\nâ‘¢ãŠèª•ç”Ÿæ—¥æœˆã«ãŠåå‰å…¥ã‚Šå†™çœŸãƒ—ãƒ¬ã‚¼ãƒ³ãƒˆ(é›†åˆ)â€»Discordã«ã¦å‰æœˆä¸­ã«ç”³ã—è¾¼ã¿ã®å¿…è¦ã‚ã‚Š\n\nSå¸­\nâ‘ ãƒ¡ãƒ³ãƒãƒ¼é™å®šæ”¾é€ãƒ»ã‚¢ãƒ¼ã‚«ã‚¤ãƒ–è¦‹æ”¾é¡Œ\nâ‘¡Så¸­ãƒ»SSå¸­é™å®šã‚ªãƒ•ã‚·ãƒ§ãƒƒãƒˆå†™çœŸãƒ—ãƒ¬ã‚¼ãƒ³ãƒˆ\nâ‘¢é™å®šã‚µã‚¤ãƒ³å…¥ã‚Šãƒã‚§ã‚­ã‚’æŠ½é¸ã§ãƒ—ãƒ¬ã‚¼ãƒ³ãƒˆ\nâ‘£(å…¥ä¼šåˆæœˆã®ã¿)ç¿Œæœˆ10æ—¥é ƒã«OPENRECãƒã‚¤ãƒ³ãƒˆ500Ptä»˜ä¸\nâ‘¤ãŠèª•ç”Ÿæ—¥æœˆã«ãŠåå‰å…¥ã‚Šå†™çœŸãƒ—ãƒ¬ã‚¼ãƒ³ãƒˆ(å€‹åˆ¥)â€»Discordã«ã¦å‰æœˆä¸­ã«ç”³ã—è¾¼ã¿ã®å¿…è¦ã‚ã‚Š\n\nSSå¸­\nâ‘ ãƒ¡ãƒ³ãƒãƒ¼é™å®šé…ä¿¡ãƒ»ã‚¢ãƒ¼ã‚«ã‚¤ãƒ–è¦‹æ”¾é¡Œ\nâ‘¡ã‚ªãƒ•ã‚·ãƒ§ãƒƒãƒˆå†™çœŸãƒ—ãƒ¬ã‚¼ãƒ³ãƒˆ\nâ‘¢é™å®šã‚µã‚¤ãƒ³å…¥ã‚Šãƒã‚§ã‚­ã‚’æŠ½é¸ã§ãƒ—ãƒ¬ã‚¼ãƒ³ãƒˆ\nâ‘£è¦–è´è€…å‚åŠ å‹ä¼ç”»å‚åŠ æ¨©åˆ©(æŠ½é¸)\nâ‘¤ã‚ªãƒ•ã‚·ãƒ§ãƒƒãƒˆå‹•ç”»è¦‹æ”¾é¡Œ\nâ‘¥Så¸­ãƒ»SSå¸­é™å®šã‚ªãƒ•ã‚·ãƒ§ãƒƒãƒˆ\nâ‘¦(å…¥ä¼šåˆæœˆã®ã¿)ç¿Œæœˆ10æ—¥é ƒã«OPENRECãƒã‚¤ãƒ³ãƒˆ800Ptä»˜ä¸\nâ‘§ãŠèª•ç”Ÿæ—¥æœˆã«ãŠåå‰ã‚’ãŠå‘¼ã³ã—ãŸãŠç¥ã„å‹•ç”»ã‚’ãƒ—ãƒ¬ã‚¼ãƒ³ãƒˆï¼\n\u3000(â€»Discordã«ã¦å‰æœˆã¾ã§ã«ç”³ã—è¾¼ã¿ã®å¿…è¦ã‚ã‚Š)\n\nâ– ç›¸è‰¯èŒ‰å„ªãƒ—ãƒ­ãƒ•ã‚£ãƒ¼ãƒ«\näº¬éƒ½åºœå‡ºèº«ã€‚4æœˆ17æ—¥ç”Ÿã¾ã‚Œã€‚Digital Doubleæ‰€å±ã€‚\nã€Œã‚¢ã‚¤ãƒ‰ãƒ«ãƒ¡ãƒ¢ãƒªãƒ¼ã‚ºã€æ¢¶åŸæœªæ¥ã§åˆã‚ã¦ã®ãƒ¡ã‚¤ãƒ³ã‚­ãƒ£ãƒ©ã‚’æ¼”ã˜ã€å£°å„ªã¨ã—ã¦æ´»å‹•ã‚’å§‹ã‚ã‚‹ã€‚\n2017å¹´ã€Œãƒ©ãƒ–ãƒ©ã‚¤ãƒ–ï¼è™¹ãƒ¶å’²å­¦åœ’ã‚¹ã‚¯ãƒ¼ãƒ«ã‚¢ã‚¤ãƒ‰ãƒ«åŒå¥½ä¼šã€ã§ä¸­é ˆã‹ã™ã¿ã«æŠœæ“¢ã•ã‚Œã€\nåŒä½œå“ã®ã‚¹ã‚¯ãƒ¼ãƒ«ã‚¢ã‚¤ãƒ‰ãƒ«ã¨ã—ã¦ç¾åœ¨æ”¾é€ä¸­ã®ã‚¢ãƒ‹ãƒ¡ã‚„ã‚²ãƒ¼ãƒ ãƒ»ãƒ©ã‚¤ãƒ–ã§æ´»å‹•ä¸­ã€‚\nä»–ã«ã‚‚ã€ã‚¢ãƒ—ãƒªã€Œã²ãã‚‰ã—ã®ãªãé ƒã«å‘½ã€(å…¬ç”±ä¸€ç©‚)ã€ã‚¢ãƒ—ãƒªã€Œãƒã‚®ã‚¢ãƒ¬ã‚³ãƒ¼ãƒ‰ é­”æ³•å°‘å¥³ã¾ã©ã‹â˜†ãƒã‚®ã‚«å¤–ä¼ã€(åºƒæ±Ÿã¡ã¯ã‚‹)ç­‰ã€å¤šæ•°ä½œå“ã«å‡ºæ¼”ã€‚2020å¹´æ˜¥ã«çŸ­ç·¨æ˜ ç”»ã€Œæ™‚ã€…ã¯ã€çœ ã‚Œãªã„å¤œã«ã€ã«åˆã‚ã¦å®Ÿå†™ã§ã®å‡ºæ¼”ã‚’æœãŸã—ãŸã€‚\n', 'icon_image_url': 'https://hayabusa.io/openrec-image/user/8236662/823666191_202010211143.w90.ttl3600.png?format=png', 'l_icon_image_url': 'https://hayabusa.io/openrec-image/user/8236662/823666191_202010211143.w320.ttl3600.png?format=png', 'cover_image_url': 'https://hayabusa.io/openrec-image/user_background/8236662/823666191_202010211143.w210.ttl3600.png?format=png', 'l_cover_image_url': 'https://dqd0jw5gvbchn.cloudfront.net/user_background/8236662/823666191_202010211143.png', 'follows': 2, 'followers': 3677, 'is_premium': True, 'is_official': True, 'is_fresh': False, 'is_warned': False, 'is_team': False, 'is_league_yell': False, 'is_live': False, 'is_stats_hidden': False, 'live_views': 0, 'is_viewers_hidden': True, 'registered_at': '2020-10-19T20:34:04+09:00', 'last_updated_at': '2021-11-13T20:00:01+09:00', 'signed_in_with_facebook': None, 'signed_in_with_twitter': None, 'signed_in_with_google': None, 'signed_in_with_yahoo': None, 'signed_in_with_apple': None, 'user_status': 'special', 'is_creator': True, 'premium_start_at': None, 'premium_charge_type': None, 'premium_payment_status': None, 'has_ppv_permission': None, 'has_active_email_token': None, 'email': None, 'pending_email': None, 'twitter_screen_name': None, 'hidden_channels': None, 'has_confirmed_email': True, 'is_approved_account': True, 'blacklist_count': None, 'blacklist_limit': None}","{'name_color': '#4DF77A', 'is_premium_hidden': False, 'is_official_hidden': False, 'is_subs_badge_hidden': False, 'is_subs_duration_hidden': False}",False,False,False,False,437926646,"[{'id': 1574, 'image_url': 'https://dqd0jw5gvbchn.cloudfront.net/badge/subscription/template/a9c440f7-c013-36a3-4484-3e412f520cc7.png', 'label': 'SSå¸­', 'type': 'subscription', 'subscription': {'months': 13, 'tier': 2}}]",248,02_varentain,https://dqd0jw5gvbchn.cloudfront.net/yell/248/c602cf10037d318a09c188b876c273b0a92dc8d2.gif,,,200,160,20,,rippiter_inamin,True,3748028,820212968,ã‚ªãƒãƒŠ,"ã‚ˆã‚ã—ããŠé¡˜ã„ã—ã¾ã™ã€‚
ãƒ©ãƒ–ãƒ©ã‚¤ãƒ–å¤§å¥½ãã§ã™ã€‚
æ¨ã—ã¯ã€é£¯ç”°é‡Œç©‚ã•ã‚“ã¨ä¼Šæ³¢ææ¨¹ã•ã‚“ã¨ç›¸è‰¯èŒ‰å„ªã•ã‚“ã§ã™ã€‚",https://hayabusa.io/openrec-image/user/8202130/820212968.w90.ttl3600.v1605589337.png?format=png,https://hayabusa.io/openrec-image/user/8202130/820212968.w320.ttl3600.v1605589337.png?format=png,https://hayabusa.io/openrec-image/user_background/8202130/820212968_cover.w210.ttl3600.v1604245942.png?format=png,https://dqd0jw5gvbchn.cloudfront.net/user_background/8202130/820212968_cover.png?1604245942,5,2,False,False,False,False,False,False,False,False,0,True,2020-10-14T22:33:07+09:00,,,,,,,bang,False,,,,,,,,,,True,True,,,olryo0yqw82
5,554583,ã¾ã¤ã†ã‚‰ã•ã‚“ã«ã‚¨ãƒ¼ãƒ«ã‚’ï¼,2021-02-15T18:00:57+09:00,channel,"{'id': 247, 'name': '01_varentain', 'image_url': 'https://dqd0jw5gvbchn.cloudfront.net/yell/247/f0a0996e53ef3a658b57294af8fb65b4cb4d8e2d.gif', 'image_url_small': '', 'animation_url': '', 'points': 100, 'yells': 80, 'ticker_seconds': 15, 'channel': None}","{'id': 'asuka_hug', 'registered_user_id': True, 'openrec_user_id': 3910114, 'recxuser_id': 866559706, 'nickname': 'æ˜æ—¥é¦™', 'introduction': None, 'icon_image_url': '', 'l_icon_image_url': '', 'cover_image_url': '', 'l_cover_image_url': '', 'follows': 2, 'followers': 0, 'is_premium': False, 'is_official': False, 'is_fresh': False, 'is_warned': False, 'is_team': False, 'is_league_yell': False, 'is_live': False, 'is_stats_hidden': False, 'live_views': 0, 'is_viewers_hidden': True, 'registered_at': '2020-12-21T11:12:13+09:00', 'last_updated_at': None, 'signed_in_with_facebook': None, 'signed_in_with_twitter': None, 'signed_in_with_google': None, 'signed_in_with_yahoo': None, 'signed_in_with_apple': None, 'user_status': 'bang', 'is_creator': False, 'premium_start_at': None, 'premium_charge_type': None, 'premium_payment_status': None, 'has_ppv_permission': None, 'has_active_email_token': None, 'email': None, 'pending_email': None, 'twitter_screen_name': None, 'hidden_channels': None, 'has_confirmed_email': True, 'is_approved_account': True, 'blacklist_count': None, 'blacklist_limit': None}","{'id': 'sagara_mayu', 'registered_user_id': True, 'openrec_user_id': 3758330, 'recxuser_id': 823666191, 'nickname': 'ç›¸è‰¯èŒ‰å„ªã®FUNï¼FANï¼FACTORY', 'introduction': 'æ¯é€±æœˆæ›œæ—¥é…ä¿¡ã®ç›¸è‰¯èŒ‰å„ªãŒãƒ•ã‚¡ãƒ³ã¨ä¸€ç·’ã«æ¥½ã—ã„ã“ã¨ã‚’ä½œã£ã¦ã„ãç•ªçµ„ã§ã™ï¼\n\nç•ªçµ„æ¨å¥¨ãƒãƒƒã‚·ãƒ¥ã‚¿ã‚°ã€Œ#ã•ãŒã‚‰FFFã€\næ˜¯éãƒãƒƒã‚·ãƒ¥ã‚¿ã‚°ã‚’ä»˜ã‘ã¦ç•ªçµ„ã‚„ç›¸è‰¯èŒ‰å„ªã«ã¤ã„ã¦å‘Ÿã„ã¦ãã ã•ã„ï¼\n\nã€ŒDiscordã€ã«ã¦ã‚µãƒ–ã‚¹ã‚¯é™å®šã‚³ãƒŸãƒ¥ãƒ‹ãƒ†ã‚£ã‚‚é‹å–¶ä¸­ï¼\nä»¥ä¸‹ã‚ˆã‚Šé€£æºæ–¹æ³•ã‚’ã”ç¢ºèªãã ã•ã„ã€‚\nhttps://openrecnext.amebaownd.com/posts/11101764\n\nâ–¼ã‚µãƒ–ã‚¹ã‚¯ç‰¹å…¸\nAå¸­\nâ‘ ãƒ¡ãƒ³ãƒãƒ¼é™å®šæ”¾é€ãƒ»ã‚¢ãƒ¼ã‚«ã‚¤ãƒ–è¦‹æ”¾é¡Œ\nâ‘¡(å…¥ä¼šåˆæœˆã®ã¿)ç¿Œæœˆ10æ—¥é ƒã«OPENRECãƒã‚¤ãƒ³ãƒˆ300Ptä»˜ä¸\nâ‘¢ãŠèª•ç”Ÿæ—¥æœˆã«ãŠåå‰å…¥ã‚Šå†™çœŸãƒ—ãƒ¬ã‚¼ãƒ³ãƒˆ(é›†åˆ)â€»Discordã«ã¦å‰æœˆä¸­ã«ç”³ã—è¾¼ã¿ã®å¿…è¦ã‚ã‚Š\n\nSå¸­\nâ‘ ãƒ¡ãƒ³ãƒãƒ¼é™å®šæ”¾é€ãƒ»ã‚¢ãƒ¼ã‚«ã‚¤ãƒ–è¦‹æ”¾é¡Œ\nâ‘¡Så¸­ãƒ»SSå¸­é™å®šã‚ªãƒ•ã‚·ãƒ§ãƒƒãƒˆå†™çœŸãƒ—ãƒ¬ã‚¼ãƒ³ãƒˆ\nâ‘¢é™å®šã‚µã‚¤ãƒ³å…¥ã‚Šãƒã‚§ã‚­ã‚’æŠ½é¸ã§ãƒ—ãƒ¬ã‚¼ãƒ³ãƒˆ\nâ‘£(å…¥ä¼šåˆæœˆã®ã¿)ç¿Œæœˆ10æ—¥é ƒã«OPENRECãƒã‚¤ãƒ³ãƒˆ500Ptä»˜ä¸\nâ‘¤ãŠèª•ç”Ÿæ—¥æœˆã«ãŠåå‰å…¥ã‚Šå†™çœŸãƒ—ãƒ¬ã‚¼ãƒ³ãƒˆ(å€‹åˆ¥)â€»Discordã«ã¦å‰æœˆä¸­ã«ç”³ã—è¾¼ã¿ã®å¿…è¦ã‚ã‚Š\n\nSSå¸­\nâ‘ ãƒ¡ãƒ³ãƒãƒ¼é™å®šé…ä¿¡ãƒ»ã‚¢ãƒ¼ã‚«ã‚¤ãƒ–è¦‹æ”¾é¡Œ\nâ‘¡ã‚ªãƒ•ã‚·ãƒ§ãƒƒãƒˆå†™çœŸãƒ—ãƒ¬ã‚¼ãƒ³ãƒˆ\nâ‘¢é™å®šã‚µã‚¤ãƒ³å…¥ã‚Šãƒã‚§ã‚­ã‚’æŠ½é¸ã§ãƒ—ãƒ¬ã‚¼ãƒ³ãƒˆ\nâ‘£è¦–è´è€…å‚åŠ å‹ä¼ç”»å‚åŠ æ¨©åˆ©(æŠ½é¸)\nâ‘¤ã‚ªãƒ•ã‚·ãƒ§ãƒƒãƒˆå‹•ç”»è¦‹æ”¾é¡Œ\nâ‘¥Så¸­ãƒ»SSå¸­é™å®šã‚ªãƒ•ã‚·ãƒ§ãƒƒãƒˆ\nâ‘¦(å…¥ä¼šåˆæœˆã®ã¿)ç¿Œæœˆ10æ—¥é ƒã«OPENRECãƒã‚¤ãƒ³ãƒˆ800Ptä»˜ä¸\nâ‘§ãŠèª•ç”Ÿæ—¥æœˆã«ãŠåå‰ã‚’ãŠå‘¼ã³ã—ãŸãŠç¥ã„å‹•ç”»ã‚’ãƒ—ãƒ¬ã‚¼ãƒ³ãƒˆï¼\n\u3000(â€»Discordã«ã¦å‰æœˆã¾ã§ã«ç”³ã—è¾¼ã¿ã®å¿…è¦ã‚ã‚Š)\n\nâ– ç›¸è‰¯èŒ‰å„ªãƒ—ãƒ­ãƒ•ã‚£ãƒ¼ãƒ«\näº¬éƒ½åºœå‡ºèº«ã€‚4æœˆ17æ—¥ç”Ÿã¾ã‚Œã€‚Digital Doubleæ‰€å±ã€‚\nã€Œã‚¢ã‚¤ãƒ‰ãƒ«ãƒ¡ãƒ¢ãƒªãƒ¼ã‚ºã€æ¢¶åŸæœªæ¥ã§åˆã‚ã¦ã®ãƒ¡ã‚¤ãƒ³ã‚­ãƒ£ãƒ©ã‚’æ¼”ã˜ã€å£°å„ªã¨ã—ã¦æ´»å‹•ã‚’å§‹ã‚ã‚‹ã€‚\n2017å¹´ã€Œãƒ©ãƒ–ãƒ©ã‚¤ãƒ–ï¼è™¹ãƒ¶å’²å­¦åœ’ã‚¹ã‚¯ãƒ¼ãƒ«ã‚¢ã‚¤ãƒ‰ãƒ«åŒå¥½ä¼šã€ã§ä¸­é ˆã‹ã™ã¿ã«æŠœæ“¢ã•ã‚Œã€\nåŒä½œå“ã®ã‚¹ã‚¯ãƒ¼ãƒ«ã‚¢ã‚¤ãƒ‰ãƒ«ã¨ã—ã¦ç¾åœ¨æ”¾é€ä¸­ã®ã‚¢ãƒ‹ãƒ¡ã‚„ã‚²ãƒ¼ãƒ ãƒ»ãƒ©ã‚¤ãƒ–ã§æ´»å‹•ä¸­ã€‚\nä»–ã«ã‚‚ã€ã‚¢ãƒ—ãƒªã€Œã²ãã‚‰ã—ã®ãªãé ƒã«å‘½ã€(å…¬ç”±ä¸€ç©‚)ã€ã‚¢ãƒ—ãƒªã€Œãƒã‚®ã‚¢ãƒ¬ã‚³ãƒ¼ãƒ‰ é­”æ³•å°‘å¥³ã¾ã©ã‹â˜†ãƒã‚®ã‚«å¤–ä¼ã€(åºƒæ±Ÿã¡ã¯ã‚‹)ç­‰ã€å¤šæ•°ä½œå“ã«å‡ºæ¼”ã€‚2020å¹´æ˜¥ã«çŸ­ç·¨æ˜ ç”»ã€Œæ™‚ã€…ã¯ã€çœ ã‚Œãªã„å¤œã«ã€ã«åˆã‚ã¦å®Ÿå†™ã§ã®å‡ºæ¼”ã‚’æœãŸã—ãŸã€‚\n', 'icon_image_url': 'https://hayabusa.io/openrec-image/user/8236662/823666191_202010211143.w90.ttl3600.png?format=png', 'l_icon_image_url': 'https://hayabusa.io/openrec-image/user/8236662/823666191_202010211143.w320.ttl3600.png?format=png', 'cover_image_url': 'https://hayabusa.io/openrec-image/user_background/8236662/823666191_202010211143.w210.ttl3600.png?format=png', 'l_cover_image_url': 'https://dqd0jw5gvbchn.cloudfront.net/user_background/8236662/823666191_202010211143.png', 'follows': 2, 'followers': 3677, 'is_premium': True, 'is_official': True, 'is_fresh': False, 'is_warned': False, 'is_team': False, 'is_league_yell': False, 'is_live': False, 'is_stats_hidden': False, 'live_views': 0, 'is_viewers_hidden': True, 'registered_at': '2020-10-19T20:34:04+09:00', 'last_updated_at': '2021-11-13T20:00:01+09:00', 'signed_in_with_facebook': None, 'signed_in_with_twitter': None, 'signed_in_with_google': None, 'signed_in_with_yahoo': None, 'signed_in_with_apple': None, 'user_status': 'special', 'is_creator': True, 'premium_start_at': None, 'premium_charge_type': None, 'premium_payment_status': None, 'has_ppv_permission': None, 'has_active_email_token': None, 'email': None, 'pending_email': None, 'twitter_screen_name': None, 'hidden_channels': None, 'has_confirmed_email': True, 'is_approved_account': True, 'blacklist_count': None, 'blacklist_limit': None}","{'name_color': '#FB7642', 'is_premium_hidden': False, 'is_official_hidden': False, 'is_subs_badge_hidden': False, 'is_subs_duration_hidden': False}",False,False,False,False,437926528,"[{'id': 1574, 'image_url': 'https://dqd0jw5gvbchn.cloudfront.net/badge/subscription/template/a9c440f7-c013-36a3-4484-3e412f520cc7.png', 'label': 'SSå¸­', 'type': 'subscription', 'subscription': {'months': 11, 'tier': 2}}]",247,01_varentain,https://dqd0jw5gvbchn.cloudfront.net/yell/247/f0a0996e53ef3a658b57294af8fb65b4cb4d8e2d.gif,,,100,80,15,,asuka_hug,True,3910114,866559706,æ˜æ—¥é¦™,,,,,,2,0,False,False,False,False,False,False,False,False,0,True,2020-12-21T11:12:13+09:00,,,,,,,bang,False,,,,,,,,,,True,True,,,olryo0yqw82
6,554582,ã‚²ãƒªãƒ©é…ä¿¡å¬‰ã—ã„ğŸ˜ƒ,2021-02-15T17:59:33+09:00,channel,"{'id': 247, 'name': '01_varentain', 'image_url': 'https://dqd0jw5gvbchn.cloudfront.net/yell/247/f0a0996e53ef3a658b57294af8fb65b4cb4d8e2d.gif', 'image_url_small': '', 'animation_url': '', 'points': 100, 'yells': 80, 'ticker_seconds': 15, 'channel': None}","{'id': 'JoeLai', 'registered_user_id': True, 'openrec_user_id': 3549943, 'recxuser_id': 784350701, 'nickname': 'Joe', 'introduction': '', 'icon_image_url': 'https://hayabusa.io/openrec-image/user/7843508/784350701.w90.ttl3600.v1604310467.png?format=png', 'l_icon_image_url': 'https://hayabusa.io/openrec-image/user/7843508/784350701.w320.ttl3600.v1604310467.png?format=png', 'cover_image_url': 'https://hayabusa.io/openrec-image/user_background/7843508/784350701_cover.w210.ttl3600.v1604310565.png?format=png', 'l_cover_image_url': 'https://dqd0jw5gvbchn.cloudfront.net/user_background/7843508/784350701_cover.png?1604310565', 'follows': 5, 'followers': 0, 'is_premium': False, 'is_official': False, 'is_fresh': False, 'is_warned': False, 'is_team': False, 'is_league_yell': False, 'is_live': False, 'is_stats_hidden': False, 'live_views': 0, 'is_viewers_hidden': True, 'registered_at': '2020-08-23T19:05:41+09:00', 'last_updated_at': None, 'signed_in_with_facebook': None, 'signed_in_with_twitter': None, 'signed_in_with_google': None, 'signed_in_with_yahoo': None, 'signed_in_with_apple': None, 'user_status': 'bang', 'is_creator': False, 'premium_start_at': None, 'premium_charge_type': None, 'premium_payment_status': None, 'has_ppv_permission': None, 'has_active_email_token': None, 'email': None, 'pending_email': None, 'twitter_screen_name': None, 'hidden_channels': None, 'has_confirmed_email': True, 'is_approved_account': True, 'blacklist_count': None, 'blacklist_limit': None}","{'id': 'sagara_mayu', 'registered_user_id': True, 'openrec_user_id': 3758330, 'recxuser_id': 823666191, 'nickname': 'ç›¸è‰¯èŒ‰å„ªã®FUNï¼FANï¼FACTORY', 'introduction': 'æ¯é€±æœˆæ›œæ—¥é…ä¿¡ã®ç›¸è‰¯èŒ‰å„ªãŒãƒ•ã‚¡ãƒ³ã¨ä¸€ç·’ã«æ¥½ã—ã„ã“ã¨ã‚’ä½œã£ã¦ã„ãç•ªçµ„ã§ã™ï¼\n\nç•ªçµ„æ¨å¥¨ãƒãƒƒã‚·ãƒ¥ã‚¿ã‚°ã€Œ#ã•ãŒã‚‰FFFã€\næ˜¯éãƒãƒƒã‚·ãƒ¥ã‚¿ã‚°ã‚’ä»˜ã‘ã¦ç•ªçµ„ã‚„ç›¸è‰¯èŒ‰å„ªã«ã¤ã„ã¦å‘Ÿã„ã¦ãã ã•ã„ï¼\n\nã€ŒDiscordã€ã«ã¦ã‚µãƒ–ã‚¹ã‚¯é™å®šã‚³ãƒŸãƒ¥ãƒ‹ãƒ†ã‚£ã‚‚é‹å–¶ä¸­ï¼\nä»¥ä¸‹ã‚ˆã‚Šé€£æºæ–¹æ³•ã‚’ã”ç¢ºèªãã ã•ã„ã€‚\nhttps://openrecnext.amebaownd.com/posts/11101764\n\nâ–¼ã‚µãƒ–ã‚¹ã‚¯ç‰¹å…¸\nAå¸­\nâ‘ ãƒ¡ãƒ³ãƒãƒ¼é™å®šæ”¾é€ãƒ»ã‚¢ãƒ¼ã‚«ã‚¤ãƒ–è¦‹æ”¾é¡Œ\nâ‘¡(å…¥ä¼šåˆæœˆã®ã¿)ç¿Œæœˆ10æ—¥é ƒã«OPENRECãƒã‚¤ãƒ³ãƒˆ300Ptä»˜ä¸\nâ‘¢ãŠèª•ç”Ÿæ—¥æœˆã«ãŠåå‰å…¥ã‚Šå†™çœŸãƒ—ãƒ¬ã‚¼ãƒ³ãƒˆ(é›†åˆ)â€»Discordã«ã¦å‰æœˆä¸­ã«ç”³ã—è¾¼ã¿ã®å¿…è¦ã‚ã‚Š\n\nSå¸­\nâ‘ ãƒ¡ãƒ³ãƒãƒ¼é™å®šæ”¾é€ãƒ»ã‚¢ãƒ¼ã‚«ã‚¤ãƒ–è¦‹æ”¾é¡Œ\nâ‘¡Så¸­ãƒ»SSå¸­é™å®šã‚ªãƒ•ã‚·ãƒ§ãƒƒãƒˆå†™çœŸãƒ—ãƒ¬ã‚¼ãƒ³ãƒˆ\nâ‘¢é™å®šã‚µã‚¤ãƒ³å…¥ã‚Šãƒã‚§ã‚­ã‚’æŠ½é¸ã§ãƒ—ãƒ¬ã‚¼ãƒ³ãƒˆ\nâ‘£(å…¥ä¼šåˆæœˆã®ã¿)ç¿Œæœˆ10æ—¥é ƒã«OPENRECãƒã‚¤ãƒ³ãƒˆ500Ptä»˜ä¸\nâ‘¤ãŠèª•ç”Ÿæ—¥æœˆã«ãŠåå‰å…¥ã‚Šå†™çœŸãƒ—ãƒ¬ã‚¼ãƒ³ãƒˆ(å€‹åˆ¥)â€»Discordã«ã¦å‰æœˆä¸­ã«ç”³ã—è¾¼ã¿ã®å¿…è¦ã‚ã‚Š\n\nSSå¸­\nâ‘ ãƒ¡ãƒ³ãƒãƒ¼é™å®šé…ä¿¡ãƒ»ã‚¢ãƒ¼ã‚«ã‚¤ãƒ–è¦‹æ”¾é¡Œ\nâ‘¡ã‚ªãƒ•ã‚·ãƒ§ãƒƒãƒˆå†™çœŸãƒ—ãƒ¬ã‚¼ãƒ³ãƒˆ\nâ‘¢é™å®šã‚µã‚¤ãƒ³å…¥ã‚Šãƒã‚§ã‚­ã‚’æŠ½é¸ã§ãƒ—ãƒ¬ã‚¼ãƒ³ãƒˆ\nâ‘£è¦–è´è€…å‚åŠ å‹ä¼ç”»å‚åŠ æ¨©åˆ©(æŠ½é¸)\nâ‘¤ã‚ªãƒ•ã‚·ãƒ§ãƒƒãƒˆå‹•ç”»è¦‹æ”¾é¡Œ\nâ‘¥Så¸­ãƒ»SSå¸­é™å®šã‚ªãƒ•ã‚·ãƒ§ãƒƒãƒˆ\nâ‘¦(å…¥ä¼šåˆæœˆã®ã¿)ç¿Œæœˆ10æ—¥é ƒã«OPENRECãƒã‚¤ãƒ³ãƒˆ800Ptä»˜ä¸\nâ‘§ãŠèª•ç”Ÿæ—¥æœˆã«ãŠåå‰ã‚’ãŠå‘¼ã³ã—ãŸãŠç¥ã„å‹•ç”»ã‚’ãƒ—ãƒ¬ã‚¼ãƒ³ãƒˆï¼\n\u3000(â€»Discordã«ã¦å‰æœˆã¾ã§ã«ç”³ã—è¾¼ã¿ã®å¿…è¦ã‚ã‚Š)\n\nâ– ç›¸è‰¯èŒ‰å„ªãƒ—ãƒ­ãƒ•ã‚£ãƒ¼ãƒ«\näº¬éƒ½åºœå‡ºèº«ã€‚4æœˆ17æ—¥ç”Ÿã¾ã‚Œã€‚Digital Doubleæ‰€å±ã€‚\nã€Œã‚¢ã‚¤ãƒ‰ãƒ«ãƒ¡ãƒ¢ãƒªãƒ¼ã‚ºã€æ¢¶åŸæœªæ¥ã§åˆã‚ã¦ã®ãƒ¡ã‚¤ãƒ³ã‚­ãƒ£ãƒ©ã‚’æ¼”ã˜ã€å£°å„ªã¨ã—ã¦æ´»å‹•ã‚’å§‹ã‚ã‚‹ã€‚\n2017å¹´ã€Œãƒ©ãƒ–ãƒ©ã‚¤ãƒ–ï¼è™¹ãƒ¶å’²å­¦åœ’ã‚¹ã‚¯ãƒ¼ãƒ«ã‚¢ã‚¤ãƒ‰ãƒ«åŒå¥½ä¼šã€ã§ä¸­é ˆã‹ã™ã¿ã«æŠœæ“¢ã•ã‚Œã€\nåŒä½œå“ã®ã‚¹ã‚¯ãƒ¼ãƒ«ã‚¢ã‚¤ãƒ‰ãƒ«ã¨ã—ã¦ç¾åœ¨æ”¾é€ä¸­ã®ã‚¢ãƒ‹ãƒ¡ã‚„ã‚²ãƒ¼ãƒ ãƒ»ãƒ©ã‚¤ãƒ–ã§æ´»å‹•ä¸­ã€‚\nä»–ã«ã‚‚ã€ã‚¢ãƒ—ãƒªã€Œã²ãã‚‰ã—ã®ãªãé ƒã«å‘½ã€(å…¬ç”±ä¸€ç©‚)ã€ã‚¢ãƒ—ãƒªã€Œãƒã‚®ã‚¢ãƒ¬ã‚³ãƒ¼ãƒ‰ é­”æ³•å°‘å¥³ã¾ã©ã‹â˜†ãƒã‚®ã‚«å¤–ä¼ã€(åºƒæ±Ÿã¡ã¯ã‚‹)ç­‰ã€å¤šæ•°ä½œå“ã«å‡ºæ¼”ã€‚2020å¹´æ˜¥ã«çŸ­ç·¨æ˜ ç”»ã€Œæ™‚ã€…ã¯ã€çœ ã‚Œãªã„å¤œã«ã€ã«åˆã‚ã¦å®Ÿå†™ã§ã®å‡ºæ¼”ã‚’æœãŸã—ãŸã€‚\n', 'icon_image_url': 'https://hayabusa.io/openrec-image/user/8236662/823666191_202010211143.w90.ttl3600.png?format=png', 'l_icon_image_url': 'https://hayabusa.io/openrec-image/user/8236662/823666191_202010211143.w320.ttl3600.png?format=png', 'cover_image_url': 'https://hayabusa.io/openrec-image/user_background/8236662/823666191_202010211143.w210.ttl3600.png?format=png', 'l_cover_image_url': 'https://dqd0jw5gvbchn.cloudfront.net/user_background/8236662/823666191_202010211143.png', 'follows': 2, 'followers': 3677, 'is_premium': True, 'is_official': True, 'is_fresh': False, 'is_warned': False, 'is_team': False, 'is_league_yell': False, 'is_live': False, 'is_stats_hidden': False, 'live_views': 0, 'is_viewers_hidden': True, 'registered_at': '2020-10-19T20:34:04+09:00', 'last_updated_at': '2021-11-13T20:00:01+09:00', 'signed_in_with_facebook': None, 'signed_in_with_twitter': None, 'signed_in_with_google': None, 'signed_in_with_yahoo': None, 'signed_in_with_apple': None, 'user_status': 'special', 'is_creator': True, 'premium_start_at': None, 'premium_charge_type': None, 'premium_payment_status': None, 'has_ppv_permission': None, 'has_active_email_token': None, 'email': None, 'pending_email': None, 'twitter_screen_name': None, 'hidden_channels': None, 'has_confirmed_email': True, 'is_approved_account': True, 'blacklist_count': None, 'blacklist_limit': None}","{'name_color': '#F6A434', 'is_premium_hidden': False, 'is_official_hidden': False, 'is_subs_badge_hidden': False, 'is_subs_duration_hidden': False}",False,False,False,False,437926145,"[{'id': 1574, 'image_url': 'https://dqd0jw5gvbchn.cloudfront.net/badge/subscription/template/a9c440f7-c013-36a3-4484-3e412f520cc7.png', 'label': 'SSå¸­', 'type': 'subscription', 'subscription': {'months': 13, 'tier': 2}}]",247,01_varentain,https://dqd0jw5gvbchn.cloudfront.net/yell/247/f0a0996e53ef3a658b57294af8fb65b4cb4d8e2d.gif,,,100,80,15,,JoeLai,True,3549943,784350701,Joe,,https://hayabusa.io/openrec-image/user/7843508/784350701.w90.ttl3600.v1604310467.png?format=png,https://hayabusa.io/openrec-image/user/7843508/784350701.w320.ttl3600.v1604310467.png?format=png,https://hayabusa.io/openrec-image/user_background/7843508/784350701_cover.w210.ttl3600.v1604310565.png?format=png,https://dqd0jw5gvbchn.cloudfront.net/user_background/7843508/784350701_cover.png?1604310565,5,0,False,False,False,False,False,False,False,False,0,True,2020-08-23T19:05:41+09:00,,,,,,,bang,False,,,,,,,,,,True,True,,,olryo0yqw82
7,554581,é€£æ—¥å‡ºå‹¤ãŠã¤ã‹ã‚Œã•ã¾ã§ã™ï¼,2021-02-15T17:59:22+09:00,channel,"{'id': 248, 'name': '02_varentain', 'image_url': 'https://dqd0jw5gvbchn.cloudfront.net/yell/248/c602cf10037d318a09c188b876c273b0a92dc8d2.gif', 'image_url_small': '', 'animation_url': '', 'points': 200, 'yells': 160, 'ticker_seconds': 20, 'channel': None}","{'id': 'pon57599', 'registered_user_id': True, 'openrec_user_id': 533909, 'recxuser_id': 64520667, 'nickname': 'ãºã‚', 'introduction': '', 'icon_image_url': '', 'l_icon_image_url': '', 'cover_image_url': '', 'l_cover_image_url': '', 'follows': 9, 'followers': 0, 'is_premium': False, 'is_official': False, 'is_fresh': False, 'is_warned': False, 'is_team': False, 'is_league_yell': False, 'is_live': False, 'is_stats_hidden': False, 'live_views': 0, 'is_viewers_hidden': True, 'registered_at': '2017-03-07T19:32:47+09:00', 'last_updated_at': None, 'signed_in_with_facebook': None, 'signed_in_with_twitter': None, 'signed_in_with_google': None, 'signed_in_with_yahoo': None, 'signed_in_with_apple': None, 'user_status': 'bang', 'is_creator': False, 'premium_start_at': None, 'premium_charge_type': None, 'premium_payment_status': None, 'has_ppv_permission': None, 'has_active_email_token': None, 'email': None, 'pending_email': None, 'twitter_screen_name': None, 'hidden_channels': None, 'has_confirmed_email': True, 'is_approved_account': True, 'blacklist_count': None, 'blacklist_limit': None}","{'id': 'sagara_mayu', 'registered_user_id': True, 'openrec_user_id': 3758330, 'recxuser_id': 823666191, 'nickname': 'ç›¸è‰¯èŒ‰å„ªã®FUNï¼FANï¼FACTORY', 'introduction': 'æ¯é€±æœˆæ›œæ—¥é…ä¿¡ã®ç›¸è‰¯èŒ‰å„ªãŒãƒ•ã‚¡ãƒ³ã¨ä¸€ç·’ã«æ¥½ã—ã„ã“ã¨ã‚’ä½œã£ã¦ã„ãç•ªçµ„ã§ã™ï¼\n\nç•ªçµ„æ¨å¥¨ãƒãƒƒã‚·ãƒ¥ã‚¿ã‚°ã€Œ#ã•ãŒã‚‰FFFã€\næ˜¯éãƒãƒƒã‚·ãƒ¥ã‚¿ã‚°ã‚’ä»˜ã‘ã¦ç•ªçµ„ã‚„ç›¸è‰¯èŒ‰å„ªã«ã¤ã„ã¦å‘Ÿã„ã¦ãã ã•ã„ï¼\n\nã€ŒDiscordã€ã«ã¦ã‚µãƒ–ã‚¹ã‚¯é™å®šã‚³ãƒŸãƒ¥ãƒ‹ãƒ†ã‚£ã‚‚é‹å–¶ä¸­ï¼\nä»¥ä¸‹ã‚ˆã‚Šé€£æºæ–¹æ³•ã‚’ã”ç¢ºèªãã ã•ã„ã€‚\nhttps://openrecnext.amebaownd.com/posts/11101764\n\nâ–¼ã‚µãƒ–ã‚¹ã‚¯ç‰¹å…¸\nAå¸­\nâ‘ ãƒ¡ãƒ³ãƒãƒ¼é™å®šæ”¾é€ãƒ»ã‚¢ãƒ¼ã‚«ã‚¤ãƒ–è¦‹æ”¾é¡Œ\nâ‘¡(å…¥ä¼šåˆæœˆã®ã¿)ç¿Œæœˆ10æ—¥é ƒã«OPENRECãƒã‚¤ãƒ³ãƒˆ300Ptä»˜ä¸\nâ‘¢ãŠèª•ç”Ÿæ—¥æœˆã«ãŠåå‰å…¥ã‚Šå†™çœŸãƒ—ãƒ¬ã‚¼ãƒ³ãƒˆ(é›†åˆ)â€»Discordã«ã¦å‰æœˆä¸­ã«ç”³ã—è¾¼ã¿ã®å¿…è¦ã‚ã‚Š\n\nSå¸­\nâ‘ ãƒ¡ãƒ³ãƒãƒ¼é™å®šæ”¾é€ãƒ»ã‚¢ãƒ¼ã‚«ã‚¤ãƒ–è¦‹æ”¾é¡Œ\nâ‘¡Så¸­ãƒ»SSå¸­é™å®šã‚ªãƒ•ã‚·ãƒ§ãƒƒãƒˆå†™çœŸãƒ—ãƒ¬ã‚¼ãƒ³ãƒˆ\nâ‘¢é™å®šã‚µã‚¤ãƒ³å…¥ã‚Šãƒã‚§ã‚­ã‚’æŠ½é¸ã§ãƒ—ãƒ¬ã‚¼ãƒ³ãƒˆ\nâ‘£(å…¥ä¼šåˆæœˆã®ã¿)ç¿Œæœˆ10æ—¥é ƒã«OPENRECãƒã‚¤ãƒ³ãƒˆ500Ptä»˜ä¸\nâ‘¤ãŠèª•ç”Ÿæ—¥æœˆã«ãŠåå‰å…¥ã‚Šå†™çœŸãƒ—ãƒ¬ã‚¼ãƒ³ãƒˆ(å€‹åˆ¥)â€»Discordã«ã¦å‰æœˆä¸­ã«ç”³ã—è¾¼ã¿ã®å¿…è¦ã‚ã‚Š\n\nSSå¸­\nâ‘ ãƒ¡ãƒ³ãƒãƒ¼é™å®šé…ä¿¡ãƒ»ã‚¢ãƒ¼ã‚«ã‚¤ãƒ–è¦‹æ”¾é¡Œ\nâ‘¡ã‚ªãƒ•ã‚·ãƒ§ãƒƒãƒˆå†™çœŸãƒ—ãƒ¬ã‚¼ãƒ³ãƒˆ\nâ‘¢é™å®šã‚µã‚¤ãƒ³å…¥ã‚Šãƒã‚§ã‚­ã‚’æŠ½é¸ã§ãƒ—ãƒ¬ã‚¼ãƒ³ãƒˆ\nâ‘£è¦–è´è€…å‚åŠ å‹ä¼ç”»å‚åŠ æ¨©åˆ©(æŠ½é¸)\nâ‘¤ã‚ªãƒ•ã‚·ãƒ§ãƒƒãƒˆå‹•ç”»è¦‹æ”¾é¡Œ\nâ‘¥Så¸­ãƒ»SSå¸­é™å®šã‚ªãƒ•ã‚·ãƒ§ãƒƒãƒˆ\nâ‘¦(å…¥ä¼šåˆæœˆã®ã¿)ç¿Œæœˆ10æ—¥é ƒã«OPENRECãƒã‚¤ãƒ³ãƒˆ800Ptä»˜ä¸\nâ‘§ãŠèª•ç”Ÿæ—¥æœˆã«ãŠåå‰ã‚’ãŠå‘¼ã³ã—ãŸãŠç¥ã„å‹•ç”»ã‚’ãƒ—ãƒ¬ã‚¼ãƒ³ãƒˆï¼\n\u3000(â€»Discordã«ã¦å‰æœˆã¾ã§ã«ç”³ã—è¾¼ã¿ã®å¿…è¦ã‚ã‚Š)\n\nâ– ç›¸è‰¯èŒ‰å„ªãƒ—ãƒ­ãƒ•ã‚£ãƒ¼ãƒ«\näº¬éƒ½åºœå‡ºèº«ã€‚4æœˆ17æ—¥ç”Ÿã¾ã‚Œã€‚Digital Doubleæ‰€å±ã€‚\nã€Œã‚¢ã‚¤ãƒ‰ãƒ«ãƒ¡ãƒ¢ãƒªãƒ¼ã‚ºã€æ¢¶åŸæœªæ¥ã§åˆã‚ã¦ã®ãƒ¡ã‚¤ãƒ³ã‚­ãƒ£ãƒ©ã‚’æ¼”ã˜ã€å£°å„ªã¨ã—ã¦æ´»å‹•ã‚’å§‹ã‚ã‚‹ã€‚\n2017å¹´ã€Œãƒ©ãƒ–ãƒ©ã‚¤ãƒ–ï¼è™¹ãƒ¶å’²å­¦åœ’ã‚¹ã‚¯ãƒ¼ãƒ«ã‚¢ã‚¤ãƒ‰ãƒ«åŒå¥½ä¼šã€ã§ä¸­é ˆã‹ã™ã¿ã«æŠœæ“¢ã•ã‚Œã€\nåŒä½œå“ã®ã‚¹ã‚¯ãƒ¼ãƒ«ã‚¢ã‚¤ãƒ‰ãƒ«ã¨ã—ã¦ç¾åœ¨æ”¾é€ä¸­ã®ã‚¢ãƒ‹ãƒ¡ã‚„ã‚²ãƒ¼ãƒ ãƒ»ãƒ©ã‚¤ãƒ–ã§æ´»å‹•ä¸­ã€‚\nä»–ã«ã‚‚ã€ã‚¢ãƒ—ãƒªã€Œã²ãã‚‰ã—ã®ãªãé ƒã«å‘½ã€(å…¬ç”±ä¸€ç©‚)ã€ã‚¢ãƒ—ãƒªã€Œãƒã‚®ã‚¢ãƒ¬ã‚³ãƒ¼ãƒ‰ é­”æ³•å°‘å¥³ã¾ã©ã‹â˜†ãƒã‚®ã‚«å¤–ä¼ã€(åºƒæ±Ÿã¡ã¯ã‚‹)ç­‰ã€å¤šæ•°ä½œå“ã«å‡ºæ¼”ã€‚2020å¹´æ˜¥ã«çŸ­ç·¨æ˜ ç”»ã€Œæ™‚ã€…ã¯ã€çœ ã‚Œãªã„å¤œã«ã€ã«åˆã‚ã¦å®Ÿå†™ã§ã®å‡ºæ¼”ã‚’æœãŸã—ãŸã€‚\n', 'icon_image_url': 'https://hayabusa.io/openrec-image/user/8236662/823666191_202010211143.w90.ttl3600.png?format=png', 'l_icon_image_url': 'https://hayabusa.io/openrec-image/user/8236662/823666191_202010211143.w320.ttl3600.png?format=png', 'cover_image_url': 'https://hayabusa.io/openrec-image/user_background/8236662/823666191_202010211143.w210.ttl3600.png?format=png', 'l_cover_image_url': 'https://dqd0jw5gvbchn.cloudfront.net/user_background/8236662/823666191_202010211143.png', 'follows': 2, 'followers': 3677, 'is_premium': True, 'is_official': True, 'is_fresh': False, 'is_warned': False, 'is_team': False, 'is_league_yell': False, 'is_live': False, 'is_stats_hidden': False, 'live_views': 0, 'is_viewers_hidden': True, 'registered_at': '2020-10-19T20:34:04+09:00', 'last_updated_at': '2021-11-13T20:00:01+09:00', 'signed_in_with_facebook': None, 'signed_in_with_twitter': None, 'signed_in_with_google': None, 'signed_in_with_yahoo': None, 'signed_in_with_apple': None, 'user_status': 'special', 'is_creator': True, 'premium_start_at': None, 'premium_charge_type': None, 'premium_payment_status': None, 'has_ppv_permission': None, 'has_active_email_token': None, 'email': None, 'pending_email': None, 'twitter_screen_name': None, 'hidden_channels': None, 'has_confirmed_email': True, 'is_approved_account': True, 'blacklist_count': None, 'blacklist_limit': None}","{'name_color': '#B6FF59', 'is_premium_hidden': False, 'is_official_hidden': False, 'is_subs_badge_hidden': False, 'is_subs_duration_hidden': False}",False,False,False,False,437926084,"[{'id': 1574, 'image_url': 'https://dqd0jw5gvbchn.cloudfront.net/badge/subscription/template/a9c440f7-c013-36a3-4484-3e412f520cc7.png', 'label': 'SSå¸­', 'type': 'subscription', 'subscription': {'months': 13, 'tier': 2}}]",248,02_varentain,https://dqd0jw5gvbchn.cloudfront.net/yell/248/c602cf10037d318a09c188b876c273b0a92dc8d2.gif,,,200,160,20,,pon57599,True,533909,64520667,ãºã‚,,,,,,9,0,False,False,False,False,False,False,False,False,0,True,2017-03-07T19:32:47+09:00,,,,,,,bang,False,,,,,,,,,,True,True,,,olryo0yqw82
8,554580,ãƒãƒ¬ãƒ³ã‚¿ã‚¤ãƒ³ã§ã™ï¼,2021-02-15T17:59:16+09:00,channel,"{'id': 248, 'name': '02_varentain', 'image_url': 'https://dqd0jw5gvbchn.cloudfront.net/yell/248/c602cf10037d318a09c188b876c273b0a92dc8d2.gif', 'image_url_small': '', 'animation_url': '', 'points': 200, 'yells': 160, 'ticker_seconds': 20, 'channel': None}","{'id': 'Ginuma', 'registered_user_id': True, 'openrec_user_id': 3762119, 'recxuser_id': 825625499, 'nickname': 'ãã¬ã¾', 'introduction': '', 'icon_image_url': 'https://hayabusa.io/openrec-image/user/8256255/825625499.w90.ttl3600.v1604304939.png?format=png', 'l_icon_image_url': 'https://hayabusa.io/openrec-image/user/8256255/825625499.w320.ttl3600.v1604304939.png?format=png', 'cover_image_url': 'https://hayabusa.io/openrec-image/user_background/8256255/825625499_cover.w210.ttl3600.v1604304969.png?format=png', 'l_cover_image_url': 'https://dqd0jw5gvbchn.cloudfront.net/user_background/8256255/825625499_cover.png?1604304969', 'follows': 1, 'followers': 0, 'is_premium': False, 'is_official': False, 'is_fresh': False, 'is_warned': False, 'is_team': False, 'is_league_yell': False, 'is_live': False, 'is_stats_hidden': False, 'live_views': 0, 'is_viewers_hidden': True, 'registered_at': '2020-10-22T18:16:15+09:00', 'last_updated_at': None, 'signed_in_with_facebook': None, 'signed_in_with_twitter': None, 'signed_in_with_google': None, 'signed_in_with_yahoo': None, 'signed_in_with_apple': None, 'user_status': 'bang', 'is_creator': False, 'premium_start_at': None, 'premium_charge_type': None, 'premium_payment_status': None, 'has_ppv_permission': None, 'has_active_email_token': None, 'email': None, 'pending_email': None, 'twitter_screen_name': None, 'hidden_channels': None, 'has_confirmed_email': True, 'is_approved_account': True, 'blacklist_count': None, 'blacklist_limit': None}","{'id': 'sagara_mayu', 'registered_user_id': True, 'openrec_user_id': 3758330, 'recxuser_id': 823666191, 'nickname': 'ç›¸è‰¯èŒ‰å„ªã®FUNï¼FANï¼FACTORY', 'introduction': 'æ¯é€±æœˆæ›œæ—¥é…ä¿¡ã®ç›¸è‰¯èŒ‰å„ªãŒãƒ•ã‚¡ãƒ³ã¨ä¸€ç·’ã«æ¥½ã—ã„ã“ã¨ã‚’ä½œã£ã¦ã„ãç•ªçµ„ã§ã™ï¼\n\nç•ªçµ„æ¨å¥¨ãƒãƒƒã‚·ãƒ¥ã‚¿ã‚°ã€Œ#ã•ãŒã‚‰FFFã€\næ˜¯éãƒãƒƒã‚·ãƒ¥ã‚¿ã‚°ã‚’ä»˜ã‘ã¦ç•ªçµ„ã‚„ç›¸è‰¯èŒ‰å„ªã«ã¤ã„ã¦å‘Ÿã„ã¦ãã ã•ã„ï¼\n\nã€ŒDiscordã€ã«ã¦ã‚µãƒ–ã‚¹ã‚¯é™å®šã‚³ãƒŸãƒ¥ãƒ‹ãƒ†ã‚£ã‚‚é‹å–¶ä¸­ï¼\nä»¥ä¸‹ã‚ˆã‚Šé€£æºæ–¹æ³•ã‚’ã”ç¢ºèªãã ã•ã„ã€‚\nhttps://openrecnext.amebaownd.com/posts/11101764\n\nâ–¼ã‚µãƒ–ã‚¹ã‚¯ç‰¹å…¸\nAå¸­\nâ‘ ãƒ¡ãƒ³ãƒãƒ¼é™å®šæ”¾é€ãƒ»ã‚¢ãƒ¼ã‚«ã‚¤ãƒ–è¦‹æ”¾é¡Œ\nâ‘¡(å…¥ä¼šåˆæœˆã®ã¿)ç¿Œæœˆ10æ—¥é ƒã«OPENRECãƒã‚¤ãƒ³ãƒˆ300Ptä»˜ä¸\nâ‘¢ãŠèª•ç”Ÿæ—¥æœˆã«ãŠåå‰å…¥ã‚Šå†™çœŸãƒ—ãƒ¬ã‚¼ãƒ³ãƒˆ(é›†åˆ)â€»Discordã«ã¦å‰æœˆä¸­ã«ç”³ã—è¾¼ã¿ã®å¿…è¦ã‚ã‚Š\n\nSå¸­\nâ‘ ãƒ¡ãƒ³ãƒãƒ¼é™å®šæ”¾é€ãƒ»ã‚¢ãƒ¼ã‚«ã‚¤ãƒ–è¦‹æ”¾é¡Œ\nâ‘¡Så¸­ãƒ»SSå¸­é™å®šã‚ªãƒ•ã‚·ãƒ§ãƒƒãƒˆå†™çœŸãƒ—ãƒ¬ã‚¼ãƒ³ãƒˆ\nâ‘¢é™å®šã‚µã‚¤ãƒ³å…¥ã‚Šãƒã‚§ã‚­ã‚’æŠ½é¸ã§ãƒ—ãƒ¬ã‚¼ãƒ³ãƒˆ\nâ‘£(å…¥ä¼šåˆæœˆã®ã¿)ç¿Œæœˆ10æ—¥é ƒã«OPENRECãƒã‚¤ãƒ³ãƒˆ500Ptä»˜ä¸\nâ‘¤ãŠèª•ç”Ÿæ—¥æœˆã«ãŠåå‰å…¥ã‚Šå†™çœŸãƒ—ãƒ¬ã‚¼ãƒ³ãƒˆ(å€‹åˆ¥)â€»Discordã«ã¦å‰æœˆä¸­ã«ç”³ã—è¾¼ã¿ã®å¿…è¦ã‚ã‚Š\n\nSSå¸­\nâ‘ ãƒ¡ãƒ³ãƒãƒ¼é™å®šé…ä¿¡ãƒ»ã‚¢ãƒ¼ã‚«ã‚¤ãƒ–è¦‹æ”¾é¡Œ\nâ‘¡ã‚ªãƒ•ã‚·ãƒ§ãƒƒãƒˆå†™çœŸãƒ—ãƒ¬ã‚¼ãƒ³ãƒˆ\nâ‘¢é™å®šã‚µã‚¤ãƒ³å…¥ã‚Šãƒã‚§ã‚­ã‚’æŠ½é¸ã§ãƒ—ãƒ¬ã‚¼ãƒ³ãƒˆ\nâ‘£è¦–è´è€…å‚åŠ å‹ä¼ç”»å‚åŠ æ¨©åˆ©(æŠ½é¸)\nâ‘¤ã‚ªãƒ•ã‚·ãƒ§ãƒƒãƒˆå‹•ç”»è¦‹æ”¾é¡Œ\nâ‘¥Så¸­ãƒ»SSå¸­é™å®šã‚ªãƒ•ã‚·ãƒ§ãƒƒãƒˆ\nâ‘¦(å…¥ä¼šåˆæœˆã®ã¿)ç¿Œæœˆ10æ—¥é ƒã«OPENRECãƒã‚¤ãƒ³ãƒˆ800Ptä»˜ä¸\nâ‘§ãŠèª•ç”Ÿæ—¥æœˆã«ãŠåå‰ã‚’ãŠå‘¼ã³ã—ãŸãŠç¥ã„å‹•ç”»ã‚’ãƒ—ãƒ¬ã‚¼ãƒ³ãƒˆï¼\n\u3000(â€»Discordã«ã¦å‰æœˆã¾ã§ã«ç”³ã—è¾¼ã¿ã®å¿…è¦ã‚ã‚Š)\n\nâ– ç›¸è‰¯èŒ‰å„ªãƒ—ãƒ­ãƒ•ã‚£ãƒ¼ãƒ«\näº¬éƒ½åºœå‡ºèº«ã€‚4æœˆ17æ—¥ç”Ÿã¾ã‚Œã€‚Digital Doubleæ‰€å±ã€‚\nã€Œã‚¢ã‚¤ãƒ‰ãƒ«ãƒ¡ãƒ¢ãƒªãƒ¼ã‚ºã€æ¢¶åŸæœªæ¥ã§åˆã‚ã¦ã®ãƒ¡ã‚¤ãƒ³ã‚­ãƒ£ãƒ©ã‚’æ¼”ã˜ã€å£°å„ªã¨ã—ã¦æ´»å‹•ã‚’å§‹ã‚ã‚‹ã€‚\n2017å¹´ã€Œãƒ©ãƒ–ãƒ©ã‚¤ãƒ–ï¼è™¹ãƒ¶å’²å­¦åœ’ã‚¹ã‚¯ãƒ¼ãƒ«ã‚¢ã‚¤ãƒ‰ãƒ«åŒå¥½ä¼šã€ã§ä¸­é ˆã‹ã™ã¿ã«æŠœæ“¢ã•ã‚Œã€\nåŒä½œå“ã®ã‚¹ã‚¯ãƒ¼ãƒ«ã‚¢ã‚¤ãƒ‰ãƒ«ã¨ã—ã¦ç¾åœ¨æ”¾é€ä¸­ã®ã‚¢ãƒ‹ãƒ¡ã‚„ã‚²ãƒ¼ãƒ ãƒ»ãƒ©ã‚¤ãƒ–ã§æ´»å‹•ä¸­ã€‚\nä»–ã«ã‚‚ã€ã‚¢ãƒ—ãƒªã€Œã²ãã‚‰ã—ã®ãªãé ƒã«å‘½ã€(å…¬ç”±ä¸€ç©‚)ã€ã‚¢ãƒ—ãƒªã€Œãƒã‚®ã‚¢ãƒ¬ã‚³ãƒ¼ãƒ‰ é­”æ³•å°‘å¥³ã¾ã©ã‹â˜†ãƒã‚®ã‚«å¤–ä¼ã€(åºƒæ±Ÿã¡ã¯ã‚‹)ç­‰ã€å¤šæ•°ä½œå“ã«å‡ºæ¼”ã€‚2020å¹´æ˜¥ã«çŸ­ç·¨æ˜ ç”»ã€Œæ™‚ã€…ã¯ã€çœ ã‚Œãªã„å¤œã«ã€ã«åˆã‚ã¦å®Ÿå†™ã§ã®å‡ºæ¼”ã‚’æœãŸã—ãŸã€‚\n', 'icon_image_url': 'https://hayabusa.io/openrec-image/user/8236662/823666191_202010211143.w90.ttl3600.png?format=png', 'l_icon_image_url': 'https://hayabusa.io/openrec-image/user/8236662/823666191_202010211143.w320.ttl3600.png?format=png', 'cover_image_url': 'https://hayabusa.io/openrec-image/user_background/8236662/823666191_202010211143.w210.ttl3600.png?format=png', 'l_cover_image_url': 'https://dqd0jw5gvbchn.cloudfront.net/user_background/8236662/823666191_202010211143.png', 'follows': 2, 'followers': 3677, 'is_premium': True, 'is_official': True, 'is_fresh': False, 'is_warned': False, 'is_team': False, 'is_league_yell': False, 'is_live': False, 'is_stats_hidden': False, 'live_views': 0, 'is_viewers_hidden': True, 'registered_at': '2020-10-19T20:34:04+09:00', 'last_updated_at': '2021-11-13T20:00:01+09:00', 'signed_in_with_facebook': None, 'signed_in_with_twitter': None, 'signed_in_with_google': None, 'signed_in_with_yahoo': None, 'signed_in_with_apple': None, 'user_status': 'special', 'is_creator': True, 'premium_start_at': None, 'premium_charge_type': None, 'premium_payment_status': None, 'has_ppv_permission': None, 'has_active_email_token': None, 'email': None, 'pending_email': None, 'twitter_screen_name': None, 'hidden_channels': None, 'has_confirmed_email': True, 'is_approved_account': True, 'blacklist_count': None, 'blacklist_limit': None}","{'name_color': '#2468DF', 'is_premium_hidden': False, 'is_official_hidden': False, 'is_subs_badge_hidden': False, 'is_subs_duration_hidden': False}",False,False,False,False,437926066,"[{'id': 1574, 'image_url': 'https://dqd0jw5gvbchn.cloudfront.net/badge/subscription/template/a9c440f7-c013-36a3-4484-3e412f520cc7.png', 'label': 'SSå¸­', 'type': 'subscription', 'subscription': {'months': 13, 'tier': 2}}]",248,02_varentain,https://dqd0jw5gvbchn.cloudfront.net/yell/248/c602cf10037d318a09c188b876c273b0a92dc8d2.gif,,,200,160,20,,Ginuma,True,3762119,825625499,ãã¬ã¾,,https://hayabusa.io/openrec-image/user/8256255/825625499.w90.ttl3600.v1604304939.png?format=png,https://hayabusa.io/openrec-image/user/8256255/825625499.w320.ttl3600.v1604304939.png?format=png,https://hayabusa.io/openrec-image/user_background/8256255/825625499_cover.w210.ttl3600.v1604304969.png?format=png,https://dqd0jw5gvbchn.cloudfront.net/user_background/8256255/825625499_cover.png?1604304969,1,0,False,False,False,False,False,False,False,False,0,True,2020-10-22T18:16:15+09:00,,,,,,,bang,False,,,,,,,,,,True,True,,,olryo0yqw82
9,554579,ã“ã®å¾Œä»•äº‹ã™ãæˆ»ã‚‹ã®ã§ã‚¨ãƒ¼ãƒ«ã ã‘é€ã£ã¨ãã¾ã™,2021-02-15T17:58:47+09:00,channel,"{'id': 248, 'name': '02_varentain', 'image_url': 'https://dqd0jw5gvbchn.cloudfront.net/yell/248/c602cf10037d318a09c188b876c273b0a92dc8d2.gif', 'image_url_small': '', 'animation_url': '', 'points': 200, 'yells': 160, 'ticker_seconds': 20, 'channel': None}","{'id': 'rippiter_inamin', 'registered_user_id': True, 'openrec_user_id': 3748028, 'recxuser_id': 820212968, 'nickname': 'ã‚ªãƒãƒŠ', 'introduction': 'ã‚ˆã‚ã—ããŠé¡˜ã„ã—ã¾ã™ã€‚\nãƒ©ãƒ–ãƒ©ã‚¤ãƒ–å¤§å¥½ãã§ã™ã€‚\næ¨ã—ã¯ã€é£¯ç”°é‡Œç©‚ã•ã‚“ã¨ä¼Šæ³¢ææ¨¹ã•ã‚“ã¨ç›¸è‰¯èŒ‰å„ªã•ã‚“ã§ã™ã€‚', 'icon_image_url': 'https://hayabusa.io/openrec-image/user/8202130/820212968.w90.ttl3600.v1605589337.png?format=png', 'l_icon_image_url': 'https://hayabusa.io/openrec-image/user/8202130/820212968.w320.ttl3600.v1605589337.png?format=png', 'cover_image_url': 'https://hayabusa.io/openrec-image/user_background/8202130/820212968_cover.w210.ttl3600.v1604245942.png?format=png', 'l_cover_image_url': 'https://dqd0jw5gvbchn.cloudfront.net/user_background/8202130/820212968_cover.png?1604245942', 'follows': 5, 'followers': 2, 'is_premium': False, 'is_official': False, 'is_fresh': False, 'is_warned': False, 'is_team': False, 'is_league_yell': False, 'is_live': False, 'is_stats_hidden': False, 'live_views': 0, 'is_viewers_hidden': True, 'registered_at': '2020-10-14T22:33:07+09:00', 'last_updated_at': None, 'signed_in_with_facebook': None, 'signed_in_with_twitter': None, 'signed_in_with_google': None, 'signed_in_with_yahoo': None, 'signed_in_with_apple': None, 'user_status': 'bang', 'is_creator': False, 'premium_start_at': None, 'premium_charge_type': None, 'premium_payment_status': None, 'has_ppv_permission': None, 'has_active_email_token': None, 'email': None, 'pending_email': None, 'twitter_screen_name': None, 'hidden_channels': None, 'has_confirmed_email': True, 'is_approved_account': True, 'blacklist_count': None, 'blacklist_limit': None}","{'id': 'sagara_mayu', 'registered_user_id': True, 'openrec_user_id': 3758330, 'recxuser_id': 823666191, 'nickname': 'ç›¸è‰¯èŒ‰å„ªã®FUNï¼FANï¼FACTORY', 'introduction': 'æ¯é€±æœˆæ›œæ—¥é…ä¿¡ã®ç›¸è‰¯èŒ‰å„ªãŒãƒ•ã‚¡ãƒ³ã¨ä¸€ç·’ã«æ¥½ã—ã„ã“ã¨ã‚’ä½œã£ã¦ã„ãç•ªçµ„ã§ã™ï¼\n\nç•ªçµ„æ¨å¥¨ãƒãƒƒã‚·ãƒ¥ã‚¿ã‚°ã€Œ#ã•ãŒã‚‰FFFã€\næ˜¯éãƒãƒƒã‚·ãƒ¥ã‚¿ã‚°ã‚’ä»˜ã‘ã¦ç•ªçµ„ã‚„ç›¸è‰¯èŒ‰å„ªã«ã¤ã„ã¦å‘Ÿã„ã¦ãã ã•ã„ï¼\n\nã€ŒDiscordã€ã«ã¦ã‚µãƒ–ã‚¹ã‚¯é™å®šã‚³ãƒŸãƒ¥ãƒ‹ãƒ†ã‚£ã‚‚é‹å–¶ä¸­ï¼\nä»¥ä¸‹ã‚ˆã‚Šé€£æºæ–¹æ³•ã‚’ã”ç¢ºèªãã ã•ã„ã€‚\nhttps://openrecnext.amebaownd.com/posts/11101764\n\nâ–¼ã‚µãƒ–ã‚¹ã‚¯ç‰¹å…¸\nAå¸­\nâ‘ ãƒ¡ãƒ³ãƒãƒ¼é™å®šæ”¾é€ãƒ»ã‚¢ãƒ¼ã‚«ã‚¤ãƒ–è¦‹æ”¾é¡Œ\nâ‘¡(å…¥ä¼šåˆæœˆã®ã¿)ç¿Œæœˆ10æ—¥é ƒã«OPENRECãƒã‚¤ãƒ³ãƒˆ300Ptä»˜ä¸\nâ‘¢ãŠèª•ç”Ÿæ—¥æœˆã«ãŠåå‰å…¥ã‚Šå†™çœŸãƒ—ãƒ¬ã‚¼ãƒ³ãƒˆ(é›†åˆ)â€»Discordã«ã¦å‰æœˆä¸­ã«ç”³ã—è¾¼ã¿ã®å¿…è¦ã‚ã‚Š\n\nSå¸­\nâ‘ ãƒ¡ãƒ³ãƒãƒ¼é™å®šæ”¾é€ãƒ»ã‚¢ãƒ¼ã‚«ã‚¤ãƒ–è¦‹æ”¾é¡Œ\nâ‘¡Så¸­ãƒ»SSå¸­é™å®šã‚ªãƒ•ã‚·ãƒ§ãƒƒãƒˆå†™çœŸãƒ—ãƒ¬ã‚¼ãƒ³ãƒˆ\nâ‘¢é™å®šã‚µã‚¤ãƒ³å…¥ã‚Šãƒã‚§ã‚­ã‚’æŠ½é¸ã§ãƒ—ãƒ¬ã‚¼ãƒ³ãƒˆ\nâ‘£(å…¥ä¼šåˆæœˆã®ã¿)ç¿Œæœˆ10æ—¥é ƒã«OPENRECãƒã‚¤ãƒ³ãƒˆ500Ptä»˜ä¸\nâ‘¤ãŠèª•ç”Ÿæ—¥æœˆã«ãŠåå‰å…¥ã‚Šå†™çœŸãƒ—ãƒ¬ã‚¼ãƒ³ãƒˆ(å€‹åˆ¥)â€»Discordã«ã¦å‰æœˆä¸­ã«ç”³ã—è¾¼ã¿ã®å¿…è¦ã‚ã‚Š\n\nSSå¸­\nâ‘ ãƒ¡ãƒ³ãƒãƒ¼é™å®šé…ä¿¡ãƒ»ã‚¢ãƒ¼ã‚«ã‚¤ãƒ–è¦‹æ”¾é¡Œ\nâ‘¡ã‚ªãƒ•ã‚·ãƒ§ãƒƒãƒˆå†™çœŸãƒ—ãƒ¬ã‚¼ãƒ³ãƒˆ\nâ‘¢é™å®šã‚µã‚¤ãƒ³å…¥ã‚Šãƒã‚§ã‚­ã‚’æŠ½é¸ã§ãƒ—ãƒ¬ã‚¼ãƒ³ãƒˆ\nâ‘£è¦–è´è€…å‚åŠ å‹ä¼ç”»å‚åŠ æ¨©åˆ©(æŠ½é¸)\nâ‘¤ã‚ªãƒ•ã‚·ãƒ§ãƒƒãƒˆå‹•ç”»è¦‹æ”¾é¡Œ\nâ‘¥Så¸­ãƒ»SSå¸­é™å®šã‚ªãƒ•ã‚·ãƒ§ãƒƒãƒˆ\nâ‘¦(å…¥ä¼šåˆæœˆã®ã¿)ç¿Œæœˆ10æ—¥é ƒã«OPENRECãƒã‚¤ãƒ³ãƒˆ800Ptä»˜ä¸\nâ‘§ãŠèª•ç”Ÿæ—¥æœˆã«ãŠåå‰ã‚’ãŠå‘¼ã³ã—ãŸãŠç¥ã„å‹•ç”»ã‚’ãƒ—ãƒ¬ã‚¼ãƒ³ãƒˆï¼\n\u3000(â€»Discordã«ã¦å‰æœˆã¾ã§ã«ç”³ã—è¾¼ã¿ã®å¿…è¦ã‚ã‚Š)\n\nâ– ç›¸è‰¯èŒ‰å„ªãƒ—ãƒ­ãƒ•ã‚£ãƒ¼ãƒ«\näº¬éƒ½åºœå‡ºèº«ã€‚4æœˆ17æ—¥ç”Ÿã¾ã‚Œã€‚Digital Doubleæ‰€å±ã€‚\nã€Œã‚¢ã‚¤ãƒ‰ãƒ«ãƒ¡ãƒ¢ãƒªãƒ¼ã‚ºã€æ¢¶åŸæœªæ¥ã§åˆã‚ã¦ã®ãƒ¡ã‚¤ãƒ³ã‚­ãƒ£ãƒ©ã‚’æ¼”ã˜ã€å£°å„ªã¨ã—ã¦æ´»å‹•ã‚’å§‹ã‚ã‚‹ã€‚\n2017å¹´ã€Œãƒ©ãƒ–ãƒ©ã‚¤ãƒ–ï¼è™¹ãƒ¶å’²å­¦åœ’ã‚¹ã‚¯ãƒ¼ãƒ«ã‚¢ã‚¤ãƒ‰ãƒ«åŒå¥½ä¼šã€ã§ä¸­é ˆã‹ã™ã¿ã«æŠœæ“¢ã•ã‚Œã€\nåŒä½œå“ã®ã‚¹ã‚¯ãƒ¼ãƒ«ã‚¢ã‚¤ãƒ‰ãƒ«ã¨ã—ã¦ç¾åœ¨æ”¾é€ä¸­ã®ã‚¢ãƒ‹ãƒ¡ã‚„ã‚²ãƒ¼ãƒ ãƒ»ãƒ©ã‚¤ãƒ–ã§æ´»å‹•ä¸­ã€‚\nä»–ã«ã‚‚ã€ã‚¢ãƒ—ãƒªã€Œã²ãã‚‰ã—ã®ãªãé ƒã«å‘½ã€(å…¬ç”±ä¸€ç©‚)ã€ã‚¢ãƒ—ãƒªã€Œãƒã‚®ã‚¢ãƒ¬ã‚³ãƒ¼ãƒ‰ é­”æ³•å°‘å¥³ã¾ã©ã‹â˜†ãƒã‚®ã‚«å¤–ä¼ã€(åºƒæ±Ÿã¡ã¯ã‚‹)ç­‰ã€å¤šæ•°ä½œå“ã«å‡ºæ¼”ã€‚2020å¹´æ˜¥ã«çŸ­ç·¨æ˜ ç”»ã€Œæ™‚ã€…ã¯ã€çœ ã‚Œãªã„å¤œã«ã€ã«åˆã‚ã¦å®Ÿå†™ã§ã®å‡ºæ¼”ã‚’æœãŸã—ãŸã€‚\n', 'icon_image_url': 'https://hayabusa.io/openrec-image/user/8236662/823666191_202010211143.w90.ttl3600.png?format=png', 'l_icon_image_url': 'https://hayabusa.io/openrec-image/user/8236662/823666191_202010211143.w320.ttl3600.png?format=png', 'cover_image_url': 'https://hayabusa.io/openrec-image/user_background/8236662/823666191_202010211143.w210.ttl3600.png?format=png', 'l_cover_image_url': 'https://dqd0jw5gvbchn.cloudfront.net/user_background/8236662/823666191_202010211143.png', 'follows': 2, 'followers': 3677, 'is_premium': True, 'is_official': True, 'is_fresh': False, 'is_warned': False, 'is_team': False, 'is_league_yell': False, 'is_live': False, 'is_stats_hidden': False, 'live_views': 0, 'is_viewers_hidden': True, 'registered_at': '2020-10-19T20:34:04+09:00', 'last_updated_at': '2021-11-13T20:00:01+09:00', 'signed_in_with_facebook': None, 'signed_in_with_twitter': None, 'signed_in_with_google': None, 'signed_in_with_yahoo': None, 'signed_in_with_apple': None, 'user_status': 'special', 'is_creator': True, 'premium_start_at': None, 'premium_charge_type': None, 'premium_payment_status': None, 'has_ppv_permission': None, 'has_active_email_token': None, 'email': None, 'pending_email': None, 'twitter_screen_name': None, 'hidden_channels': None, 'has_confirmed_email': True, 'is_approved_account': True, 'blacklist_count': None, 'blacklist_limit': None}","{'name_color': '#4DF77A', 'is_premium_hidden': False, 'is_official_hidden': False, 'is_subs_badge_hidden': False, 'is_subs_duration_hidden': False}",False,False,False,False,437925916,"[{'id': 1574, 'image_url': 'https://dqd0jw5gvbchn.cloudfront.net/badge/subscription/template/a9c440f7-c013-36a3-4484-3e412f520cc7.png', 'label': 'SSå¸­', 'type': 'subscription', 'subscription': {'months': 13, 'tier': 2}}]",248,02_varentain,https://dqd0jw5gvbchn.cloudfront.net/yell/248/c602cf10037d318a09c188b876c273b0a92dc8d2.gif,,,200,160,20,,rippiter_inamin,True,3748028,820212968,ã‚ªãƒãƒŠ,"ã‚ˆã‚ã—ããŠé¡˜ã„ã—ã¾ã™ã€‚
ãƒ©ãƒ–ãƒ©ã‚¤ãƒ–å¤§å¥½ãã§ã™ã€‚
æ¨ã—ã¯ã€é£¯ç”°é‡Œç©‚ã•ã‚“ã¨ä¼Šæ³¢ææ¨¹ã•ã‚“ã¨ç›¸è‰¯èŒ‰å„ªã•ã‚“ã§ã™ã€‚",https://hayabusa.io/openrec-image/user/8202130/820212968.w90.ttl3600.v1605589337.png?format=png,https://hayabusa.io/openrec-image/user/8202130/820212968.w320.ttl3600.v1605589337.png?format=png,https://hayabusa.io/openrec-image/user_background/8202130/820212968_cover.w210.ttl3600.v1604245942.png?format=png,https://dqd0jw5gvbchn.cloudfront.net/user_background/8202130/820212968_cover.png?1604245942,5,2,False,False,False,False,False,False,False,False,0,True,2020-10-14T22:33:07+09:00,,,,,,,bang,False,,,,,,,,,,True,True,,,olryo0yqw82
10,554578,ãƒ†ã‚¹ãƒˆãŠç–²ã‚Œæ§˜ã§ã™ï¼,2021-02-15T17:58:37+09:00,channel,"{'id': 250, 'name': '04_varentain', 'image_url': 'https://dqd0jw5gvbchn.cloudfront.net/yell/250/097c2b9512cec5dbe695cf8540d6bb141e61d880.gif', 'image_url_small': '', 'animation_url': '', 'points': 625, 'yells': 500, 'ticker_seconds': 20, 'channel': None}","{'id': 'syokora-ta', 'registered_user_id': True, 'openrec_user_id': 3760802, 'recxuser_id': 824981017, 'nickname': 'ã—ã‚‡ã“ã‚‰ãƒ¼ãŸ', 'introduction': '', 'icon_image_url': 'https://hayabusa.io/openrec-image/user/8249811/824981017.w90.ttl3600.v1604321897.png?format=png', 'l_icon_image_url': 'https://hayabusa.io/openrec-image/user/8249811/824981017.w320.ttl3600.v1604321897.png?format=png', 'cover_image_url': '', 'l_cover_image_url': '', 'follows': 6, 'followers': 0, 'is_premium': False, 'is_official': False, 'is_fresh': False, 'is_warned': False, 'is_team': False, 'is_league_yell': False, 'is_live': False, 'is_stats_hidden': False, 'live_views': 0, 'is_viewers_hidden': True, 'registered_at': '2020-10-21T18:45:27+09:00', 'last_updated_at': None, 'signed_in_with_facebook': None, 'signed_in_with_twitter': None, 'signed_in_with_google': None, 'signed_in_with_yahoo': None, 'signed_in_with_apple': None, 'user_status': 'bang', 'is_creator': False, 'premium_start_at': None, 'premium_charge_type': None, 'premium_payment_status': None, 'has_ppv_permission': None, 'has_active_email_token': None, 'email': None, 'pending_email': None, 'twitter_screen_name': None, 'hidden_channels': None, 'has_confirmed_email': True, 'is_approved_account': True, 'blacklist_count': None, 'blacklist_limit': None}","{'id': 'sagara_mayu', 'registered_user_id': True, 'openrec_user_id': 3758330, 'recxuser_id': 823666191, 'nickname': 'ç›¸è‰¯èŒ‰å„ªã®FUNï¼FANï¼FACTORY', 'introduction': 'æ¯é€±æœˆæ›œæ—¥é…ä¿¡ã®ç›¸è‰¯èŒ‰å„ªãŒãƒ•ã‚¡ãƒ³ã¨ä¸€ç·’ã«æ¥½ã—ã„ã“ã¨ã‚’ä½œã£ã¦ã„ãç•ªçµ„ã§ã™ï¼\n\nç•ªçµ„æ¨å¥¨ãƒãƒƒã‚·ãƒ¥ã‚¿ã‚°ã€Œ#ã•ãŒã‚‰FFFã€\næ˜¯éãƒãƒƒã‚·ãƒ¥ã‚¿ã‚°ã‚’ä»˜ã‘ã¦ç•ªçµ„ã‚„ç›¸è‰¯èŒ‰å„ªã«ã¤ã„ã¦å‘Ÿã„ã¦ãã ã•ã„ï¼\n\nã€ŒDiscordã€ã«ã¦ã‚µãƒ–ã‚¹ã‚¯é™å®šã‚³ãƒŸãƒ¥ãƒ‹ãƒ†ã‚£ã‚‚é‹å–¶ä¸­ï¼\nä»¥ä¸‹ã‚ˆã‚Šé€£æºæ–¹æ³•ã‚’ã”ç¢ºèªãã ã•ã„ã€‚\nhttps://openrecnext.amebaownd.com/posts/11101764\n\nâ–¼ã‚µãƒ–ã‚¹ã‚¯ç‰¹å…¸\nAå¸­\nâ‘ ãƒ¡ãƒ³ãƒãƒ¼é™å®šæ”¾é€ãƒ»ã‚¢ãƒ¼ã‚«ã‚¤ãƒ–è¦‹æ”¾é¡Œ\nâ‘¡(å…¥ä¼šåˆæœˆã®ã¿)ç¿Œæœˆ10æ—¥é ƒã«OPENRECãƒã‚¤ãƒ³ãƒˆ300Ptä»˜ä¸\nâ‘¢ãŠèª•ç”Ÿæ—¥æœˆã«ãŠåå‰å…¥ã‚Šå†™çœŸãƒ—ãƒ¬ã‚¼ãƒ³ãƒˆ(é›†åˆ)â€»Discordã«ã¦å‰æœˆä¸­ã«ç”³ã—è¾¼ã¿ã®å¿…è¦ã‚ã‚Š\n\nSå¸­\nâ‘ ãƒ¡ãƒ³ãƒãƒ¼é™å®šæ”¾é€ãƒ»ã‚¢ãƒ¼ã‚«ã‚¤ãƒ–è¦‹æ”¾é¡Œ\nâ‘¡Så¸­ãƒ»SSå¸­é™å®šã‚ªãƒ•ã‚·ãƒ§ãƒƒãƒˆå†™çœŸãƒ—ãƒ¬ã‚¼ãƒ³ãƒˆ\nâ‘¢é™å®šã‚µã‚¤ãƒ³å…¥ã‚Šãƒã‚§ã‚­ã‚’æŠ½é¸ã§ãƒ—ãƒ¬ã‚¼ãƒ³ãƒˆ\nâ‘£(å…¥ä¼šåˆæœˆã®ã¿)ç¿Œæœˆ10æ—¥é ƒã«OPENRECãƒã‚¤ãƒ³ãƒˆ500Ptä»˜ä¸\nâ‘¤ãŠèª•ç”Ÿæ—¥æœˆã«ãŠåå‰å…¥ã‚Šå†™çœŸãƒ—ãƒ¬ã‚¼ãƒ³ãƒˆ(å€‹åˆ¥)â€»Discordã«ã¦å‰æœˆä¸­ã«ç”³ã—è¾¼ã¿ã®å¿…è¦ã‚ã‚Š\n\nSSå¸­\nâ‘ ãƒ¡ãƒ³ãƒãƒ¼é™å®šé…ä¿¡ãƒ»ã‚¢ãƒ¼ã‚«ã‚¤ãƒ–è¦‹æ”¾é¡Œ\nâ‘¡ã‚ªãƒ•ã‚·ãƒ§ãƒƒãƒˆå†™çœŸãƒ—ãƒ¬ã‚¼ãƒ³ãƒˆ\nâ‘¢é™å®šã‚µã‚¤ãƒ³å…¥ã‚Šãƒã‚§ã‚­ã‚’æŠ½é¸ã§ãƒ—ãƒ¬ã‚¼ãƒ³ãƒˆ\nâ‘£è¦–è´è€…å‚åŠ å‹ä¼ç”»å‚åŠ æ¨©åˆ©(æŠ½é¸)\nâ‘¤ã‚ªãƒ•ã‚·ãƒ§ãƒƒãƒˆå‹•ç”»è¦‹æ”¾é¡Œ\nâ‘¥Så¸­ãƒ»SSå¸­é™å®šã‚ªãƒ•ã‚·ãƒ§ãƒƒãƒˆ\nâ‘¦(å…¥ä¼šåˆæœˆã®ã¿)ç¿Œæœˆ10æ—¥é ƒã«OPENRECãƒã‚¤ãƒ³ãƒˆ800Ptä»˜ä¸\nâ‘§ãŠèª•ç”Ÿæ—¥æœˆã«ãŠåå‰ã‚’ãŠå‘¼ã³ã—ãŸãŠç¥ã„å‹•ç”»ã‚’ãƒ—ãƒ¬ã‚¼ãƒ³ãƒˆï¼\n\u3000(â€»Discordã«ã¦å‰æœˆã¾ã§ã«ç”³ã—è¾¼ã¿ã®å¿…è¦ã‚ã‚Š)\n\nâ– ç›¸è‰¯èŒ‰å„ªãƒ—ãƒ­ãƒ•ã‚£ãƒ¼ãƒ«\näº¬éƒ½åºœå‡ºèº«ã€‚4æœˆ17æ—¥ç”Ÿã¾ã‚Œã€‚Digital Doubleæ‰€å±ã€‚\nã€Œã‚¢ã‚¤ãƒ‰ãƒ«ãƒ¡ãƒ¢ãƒªãƒ¼ã‚ºã€æ¢¶åŸæœªæ¥ã§åˆã‚ã¦ã®ãƒ¡ã‚¤ãƒ³ã‚­ãƒ£ãƒ©ã‚’æ¼”ã˜ã€å£°å„ªã¨ã—ã¦æ´»å‹•ã‚’å§‹ã‚ã‚‹ã€‚\n2017å¹´ã€Œãƒ©ãƒ–ãƒ©ã‚¤ãƒ–ï¼è™¹ãƒ¶å’²å­¦åœ’ã‚¹ã‚¯ãƒ¼ãƒ«ã‚¢ã‚¤ãƒ‰ãƒ«åŒå¥½ä¼šã€ã§ä¸­é ˆã‹ã™ã¿ã«æŠœæ“¢ã•ã‚Œã€\nåŒä½œå“ã®ã‚¹ã‚¯ãƒ¼ãƒ«ã‚¢ã‚¤ãƒ‰ãƒ«ã¨ã—ã¦ç¾åœ¨æ”¾é€ä¸­ã®ã‚¢ãƒ‹ãƒ¡ã‚„ã‚²ãƒ¼ãƒ ãƒ»ãƒ©ã‚¤ãƒ–ã§æ´»å‹•ä¸­ã€‚\nä»–ã«ã‚‚ã€ã‚¢ãƒ—ãƒªã€Œã²ãã‚‰ã—ã®ãªãé ƒã«å‘½ã€(å…¬ç”±ä¸€ç©‚)ã€ã‚¢ãƒ—ãƒªã€Œãƒã‚®ã‚¢ãƒ¬ã‚³ãƒ¼ãƒ‰ é­”æ³•å°‘å¥³ã¾ã©ã‹â˜†ãƒã‚®ã‚«å¤–ä¼ã€(åºƒæ±Ÿã¡ã¯ã‚‹)ç­‰ã€å¤šæ•°ä½œå“ã«å‡ºæ¼”ã€‚2020å¹´æ˜¥ã«çŸ­ç·¨æ˜ ç”»ã€Œæ™‚ã€…ã¯ã€çœ ã‚Œãªã„å¤œã«ã€ã«åˆã‚ã¦å®Ÿå†™ã§ã®å‡ºæ¼”ã‚’æœãŸã—ãŸã€‚\n', 'icon_image_url': 'https://hayabusa.io/openrec-image/user/8236662/823666191_202010211143.w90.ttl3600.png?format=png', 'l_icon_image_url': 'https://hayabusa.io/openrec-image/user/8236662/823666191_202010211143.w320.ttl3600.png?format=png', 'cover_image_url': 'https://hayabusa.io/openrec-image/user_background/8236662/823666191_202010211143.w210.ttl3600.png?format=png', 'l_cover_image_url': 'https://dqd0jw5gvbchn.cloudfront.net/user_background/8236662/823666191_202010211143.png', 'follows': 2, 'followers': 3677, 'is_premium': True, 'is_official': True, 'is_fresh': False, 'is_warned': False, 'is_team': False, 'is_league_yell': False, 'is_live': False, 'is_stats_hidden': False, 'live_views': 0, 'is_viewers_hidden': True, 'registered_at': '2020-10-19T20:34:04+09:00', 'last_updated_at': '2021-11-13T20:00:01+09:00', 'signed_in_with_facebook': None, 'signed_in_with_twitter': None, 'signed_in_with_google': None, 'signed_in_with_yahoo': None, 'signed_in_with_apple': None, 'user_status': 'special', 'is_creator': True, 'premium_start_at': None, 'premium_charge_type': None, 'premium_payment_status': None, 'has_ppv_permission': None, 'has_active_email_token': None, 'email': None, 'pending_email': None, 'twitter_screen_name': None, 'hidden_channels': None, 'has_confirmed_email': True, 'is_approved_account': True, 'blacklist_count': None, 'blacklist_limit': None}","{'name_color': '#B6FF59', 'is_premium_hidden': False, 'is_official_hidden': False, 'is_subs_badge_hidden': False, 'is_subs_duration_hidden': False}",False,False,False,False,437925868,"[{'id': 1574, 'image_url': 'https://dqd0jw5gvbchn.cloudfront.net/badge/subscription/template/a9c440f7-c013-36a3-4484-3e412f520cc7.png', 'label': 'SSå¸­', 'type': 'subscription', 'subscription': {'months': 13, 'tier': 2}}]",250,04_varentain,https://dqd0jw5gvbchn.cloudfront.net/yell/250/097c2b9512cec5dbe695cf8540d6bb141e61d880.gif,,,625,500,20,,syokora-ta,True,3760802,824981017,ã—ã‚‡ã“ã‚‰ãƒ¼ãŸ,,https://hayabusa.io/openrec-image/user/8249811/824981017.w90.ttl3600.v1604321897.png?format=png,https://hayabusa.io/openrec-image/user/8249811/824981017.w320.ttl3600.v1604321897.png?format=png,,,6,0,False,False,False,False,False,False,False,False,0,True,2020-10-21T18:45:27+09:00,,,,,,,bang,False,,,,,,,,,,True,True,,,olryo0yqw82
11,554577,é€£æ—¥ãŠç–²ã‚Œã•ã¾ã§ã™ï¼,2021-02-15T17:58:36+09:00,channel,"{'id': 247, 'name': '01_varentain', 'image_url': 'https://dqd0jw5gvbchn.cloudfront.net/yell/247/f0a0996e53ef3a658b57294af8fb65b4cb4d8e2d.gif', 'image_url_small': '', 'animation_url': '', 'points': 100, 'yells': 80, 'ticker_seconds': 15, 'channel': None}","{'id': 'himagine666', 'registered_user_id': True, 'openrec_user_id': 3758345, 'recxuser_id': 823668830, 'nickname': 'ãƒ’ãƒã‚®ãƒ', 'introduction': 'ã™ã‚„ã´', 'icon_image_url': 'https://hayabusa.io/openrec-image/user/8236689/823668830.w90.ttl3600.v1603107532.png?format=png', 'l_icon_image_url': 'https://hayabusa.io/openrec-image/user/8236689/823668830.w320.ttl3600.v1603107532.png?format=png', 'cover_image_url': '', 'l_cover_image_url': '', 'follows': 9, 'followers': 2, 'is_premium': False, 'is_official': False, 'is_fresh': False, 'is_warned': False, 'is_team': False, 'is_league_yell': False, 'is_live': False, 'is_stats_hidden': False, 'live_views': 0, 'is_viewers_hidden': True, 'registered_at': '2020-10-19T20:38:52+09:00', 'last_updated_at': None, 'signed_in_with_facebook': None, 'signed_in_with_twitter': None, 'signed_in_with_google': None, 'signed_in_with_yahoo': None, 'signed_in_with_apple': None, 'user_status': 'bang', 'is_creator': False, 'premium_start_at': None, 'premium_charge_type': None, 'premium_payment_status': None, 'has_ppv_permission': None, 'has_active_email_token': None, 'email': None, 'pending_email': None, 'twitter_screen_name': None, 'hidden_channels': None, 'has_confirmed_email': True, 'is_approved_account': True, 'blacklist_count': None, 'blacklist_limit': None}","{'id': 'sagara_mayu', 'registered_user_id': True, 'openrec_user_id': 3758330, 'recxuser_id': 823666191, 'nickname': 'ç›¸è‰¯èŒ‰å„ªã®FUNï¼FANï¼FACTORY', 'introduction': 'æ¯é€±æœˆæ›œæ—¥é…ä¿¡ã®ç›¸è‰¯èŒ‰å„ªãŒãƒ•ã‚¡ãƒ³ã¨ä¸€ç·’ã«æ¥½ã—ã„ã“ã¨ã‚’ä½œã£ã¦ã„ãç•ªçµ„ã§ã™ï¼\n\nç•ªçµ„æ¨å¥¨ãƒãƒƒã‚·ãƒ¥ã‚¿ã‚°ã€Œ#ã•ãŒã‚‰FFFã€\næ˜¯éãƒãƒƒã‚·ãƒ¥ã‚¿ã‚°ã‚’ä»˜ã‘ã¦ç•ªçµ„ã‚„ç›¸è‰¯èŒ‰å„ªã«ã¤ã„ã¦å‘Ÿã„ã¦ãã ã•ã„ï¼\n\nã€ŒDiscordã€ã«ã¦ã‚µãƒ–ã‚¹ã‚¯é™å®šã‚³ãƒŸãƒ¥ãƒ‹ãƒ†ã‚£ã‚‚é‹å–¶ä¸­ï¼\nä»¥ä¸‹ã‚ˆã‚Šé€£æºæ–¹æ³•ã‚’ã”ç¢ºèªãã ã•ã„ã€‚\nhttps://openrecnext.amebaownd.com/posts/11101764\n\nâ–¼ã‚µãƒ–ã‚¹ã‚¯ç‰¹å…¸\nAå¸­\nâ‘ ãƒ¡ãƒ³ãƒãƒ¼é™å®šæ”¾é€ãƒ»ã‚¢ãƒ¼ã‚«ã‚¤ãƒ–è¦‹æ”¾é¡Œ\nâ‘¡(å…¥ä¼šåˆæœˆã®ã¿)ç¿Œæœˆ10æ—¥é ƒã«OPENRECãƒã‚¤ãƒ³ãƒˆ300Ptä»˜ä¸\nâ‘¢ãŠèª•ç”Ÿæ—¥æœˆã«ãŠåå‰å…¥ã‚Šå†™çœŸãƒ—ãƒ¬ã‚¼ãƒ³ãƒˆ(é›†åˆ)â€»Discordã«ã¦å‰æœˆä¸­ã«ç”³ã—è¾¼ã¿ã®å¿…è¦ã‚ã‚Š\n\nSå¸­\nâ‘ ãƒ¡ãƒ³ãƒãƒ¼é™å®šæ”¾é€ãƒ»ã‚¢ãƒ¼ã‚«ã‚¤ãƒ–è¦‹æ”¾é¡Œ\nâ‘¡Så¸­ãƒ»SSå¸­é™å®šã‚ªãƒ•ã‚·ãƒ§ãƒƒãƒˆå†™çœŸãƒ—ãƒ¬ã‚¼ãƒ³ãƒˆ\nâ‘¢é™å®šã‚µã‚¤ãƒ³å…¥ã‚Šãƒã‚§ã‚­ã‚’æŠ½é¸ã§ãƒ—ãƒ¬ã‚¼ãƒ³ãƒˆ\nâ‘£(å…¥ä¼šåˆæœˆã®ã¿)ç¿Œæœˆ10æ—¥é ƒã«OPENRECãƒã‚¤ãƒ³ãƒˆ500Ptä»˜ä¸\nâ‘¤ãŠèª•ç”Ÿæ—¥æœˆã«ãŠåå‰å…¥ã‚Šå†™çœŸãƒ—ãƒ¬ã‚¼ãƒ³ãƒˆ(å€‹åˆ¥)â€»Discordã«ã¦å‰æœˆä¸­ã«ç”³ã—è¾¼ã¿ã®å¿…è¦ã‚ã‚Š\n\nSSå¸­\nâ‘ ãƒ¡ãƒ³ãƒãƒ¼é™å®šé…ä¿¡ãƒ»ã‚¢ãƒ¼ã‚«ã‚¤ãƒ–è¦‹æ”¾é¡Œ\nâ‘¡ã‚ªãƒ•ã‚·ãƒ§ãƒƒãƒˆå†™çœŸãƒ—ãƒ¬ã‚¼ãƒ³ãƒˆ\nâ‘¢é™å®šã‚µã‚¤ãƒ³å…¥ã‚Šãƒã‚§ã‚­ã‚’æŠ½é¸ã§ãƒ—ãƒ¬ã‚¼ãƒ³ãƒˆ\nâ‘£è¦–è´è€…å‚åŠ å‹ä¼ç”»å‚åŠ æ¨©åˆ©(æŠ½é¸)\nâ‘¤ã‚ªãƒ•ã‚·ãƒ§ãƒƒãƒˆå‹•ç”»è¦‹æ”¾é¡Œ\nâ‘¥Så¸­ãƒ»SSå¸­é™å®šã‚ªãƒ•ã‚·ãƒ§ãƒƒãƒˆ\nâ‘¦(å…¥ä¼šåˆæœˆã®ã¿)ç¿Œæœˆ10æ—¥é ƒã«OPENRECãƒã‚¤ãƒ³ãƒˆ800Ptä»˜ä¸\nâ‘§ãŠèª•ç”Ÿæ—¥æœˆã«ãŠåå‰ã‚’ãŠå‘¼ã³ã—ãŸãŠç¥ã„å‹•ç”»ã‚’ãƒ—ãƒ¬ã‚¼ãƒ³ãƒˆï¼\n\u3000(â€»Discordã«ã¦å‰æœˆã¾ã§ã«ç”³ã—è¾¼ã¿ã®å¿…è¦ã‚ã‚Š)\n\nâ– ç›¸è‰¯èŒ‰å„ªãƒ—ãƒ­ãƒ•ã‚£ãƒ¼ãƒ«\näº¬éƒ½åºœå‡ºèº«ã€‚4æœˆ17æ—¥ç”Ÿã¾ã‚Œã€‚Digital Doubleæ‰€å±ã€‚\nã€Œã‚¢ã‚¤ãƒ‰ãƒ«ãƒ¡ãƒ¢ãƒªãƒ¼ã‚ºã€æ¢¶åŸæœªæ¥ã§åˆã‚ã¦ã®ãƒ¡ã‚¤ãƒ³ã‚­ãƒ£ãƒ©ã‚’æ¼”ã˜ã€å£°å„ªã¨ã—ã¦æ´»å‹•ã‚’å§‹ã‚ã‚‹ã€‚\n2017å¹´ã€Œãƒ©ãƒ–ãƒ©ã‚¤ãƒ–ï¼è™¹ãƒ¶å’²å­¦åœ’ã‚¹ã‚¯ãƒ¼ãƒ«ã‚¢ã‚¤ãƒ‰ãƒ«åŒå¥½ä¼šã€ã§ä¸­é ˆã‹ã™ã¿ã«æŠœæ“¢ã•ã‚Œã€\nåŒä½œå“ã®ã‚¹ã‚¯ãƒ¼ãƒ«ã‚¢ã‚¤ãƒ‰ãƒ«ã¨ã—ã¦ç¾åœ¨æ”¾é€ä¸­ã®ã‚¢ãƒ‹ãƒ¡ã‚„ã‚²ãƒ¼ãƒ ãƒ»ãƒ©ã‚¤ãƒ–ã§æ´»å‹•ä¸­ã€‚\nä»–ã«ã‚‚ã€ã‚¢ãƒ—ãƒªã€Œã²ãã‚‰ã—ã®ãªãé ƒã«å‘½ã€(å…¬ç”±ä¸€ç©‚)ã€ã‚¢ãƒ—ãƒªã€Œãƒã‚®ã‚¢ãƒ¬ã‚³ãƒ¼ãƒ‰ é­”æ³•å°‘å¥³ã¾ã©ã‹â˜†ãƒã‚®ã‚«å¤–ä¼ã€(åºƒæ±Ÿã¡ã¯ã‚‹)ç­‰ã€å¤šæ•°ä½œå“ã«å‡ºæ¼”ã€‚2020å¹´æ˜¥ã«çŸ­ç·¨æ˜ ç”»ã€Œæ™‚ã€…ã¯ã€çœ ã‚Œãªã„å¤œã«ã€ã«åˆã‚ã¦å®Ÿå†™ã§ã®å‡ºæ¼”ã‚’æœãŸã—ãŸã€‚\n', 'icon_image_url': 'https://hayabusa.io/openrec-image/user/8236662/823666191_202010211143.w90.ttl3600.png?format=png', 'l_icon_image_url': 'https://hayabusa.io/openrec-image/user/8236662/823666191_202010211143.w320.ttl3600.png?format=png', 'cover_image_url': 'https://hayabusa.io/openrec-image/user_background/8236662/823666191_202010211143.w210.ttl3600.png?format=png', 'l_cover_image_url': 'https://dqd0jw5gvbchn.cloudfront.net/user_background/8236662/823666191_202010211143.png', 'follows': 2, 'followers': 3677, 'is_premium': True, 'is_official': True, 'is_fresh': False, 'is_warned': False, 'is_team': False, 'is_league_yell': False, 'is_live': False, 'is_stats_hidden': False, 'live_views': 0, 'is_viewers_hidden': True, 'registered_at': '2020-10-19T20:34:04+09:00', 'last_updated_at': '2021-11-13T20:00:01+09:00', 'signed_in_with_facebook': None, 'signed_in_with_twitter': None, 'signed_in_with_google': None, 'signed_in_with_yahoo': None, 'signed_in_with_apple': None, 'user_status': 'special', 'is_creator': True, 'premium_start_at': None, 'premium_charge_type': None, 'premium_payment_status': None, 'has_ppv_permission': None, 'has_active_email_token': None, 'email': None, 'pending_email': None, 'twitter_screen_name': None, 'hidden_channels': None, 'has_confirmed_email': True, 'is_approved_account': True, 'blacklist_count': None, 'blacklist_limit': None}","{'name_color': '#F75D52', 'is_premium_hidden': False, 'is_official_hidden': False, 'is_subs_badge_hidden': False, 'is_subs_duration_hidden': False}",False,False,False,False,437925865,"[{'id': 1574, 'image_url': 'https://dqd0jw5gvbchn.cloudfront.net/badge/subscription/template/a9c440f7-c013-36a3-4484-3e412f520cc7.png', 'label': 'SSå¸­', 'type': 'subscription', 'subscription': {'months': 13, 'tier': 2}}]",247,01_varentain,https://dqd0jw5gvbchn.cloudfront.net/yell/247/f0a0996e53ef3a658b57294af8fb65b4cb4d8e2d.gif,,,100,80,15,,himagine666,True,3758345,823668830,ãƒ’ãƒã‚®ãƒ,ã™ã‚„ã´,https://hayabusa.io/openrec-image/user/8236689/823668830.w90.ttl3600.v1603107532.png?format=png,https://hayabusa.io/openrec-image/user/8236689/823668830.w320.ttl3600.v1603107532.png?format=png,,,9,2,False,False,False,False,False,False,False,False,0,True,2020-10-19T20:38:52+09:00,,,,,,,bang,False,,,,,,,,,,True,True,,,olryo0yqw82
12,554576,,2021-02-15T17:58:14+09:00,channel,"{'id': 247, 'name': '01_varentain', 'image_url': 'https://dqd0jw5gvbchn.cloudfront.net/yell/247/f0a0996e53ef3a658b57294af8fb65b4cb4d8e2d.gif', 'image_url_small': '', 'animation_url': '', 'points': 100, 'yells': 80, 'ticker_seconds': 15, 'channel': None}","{'id': 'kupokupo123', 'registered_user_id': True, 'openrec_user_id': 2083047, 'recxuser_id': 491184120, 'nickname': 'ã‚ã–ã‚‰ã—', 'introduction': '', 'icon_image_url': 'https://hayabusa.io/openrec-image/user/4911842/491184120.w90.ttl3600.v1603764843.png?format=png', 'l_icon_image_url': 'https://hayabusa.io/openrec-image/user/4911842/491184120.w320.ttl3600.v1603764843.png?format=png', 'cover_image_url': '', 'l_cover_image_url': '', 'follows': 40, 'followers': 0, 'is_premium': True, 'is_official': False, 'is_fresh': False, 'is_warned': False, 'is_team': False, 'is_league_yell': False, 'is_live': False, 'is_stats_hidden': False, 'live_views': 0, 'is_viewers_hidden': True, 'registered_at': '2019-06-25T18:23:16+09:00', 'last_updated_at': '2021-08-03T20:57:09+09:00', 'signed_in_with_facebook': None, 'signed_in_with_twitter': None, 'signed_in_with_google': None, 'signed_in_with_yahoo': None, 'signed_in_with_apple': None, 'user_status': 'publish', 'is_creator': True, 'premium_start_at': None, 'premium_charge_type': None, 'premium_payment_status': None, 'has_ppv_permission': None, 'has_active_email_token': None, 'email': None, 'pending_email': None, 'twitter_screen_name': None, 'hidden_channels': None, 'has_confirmed_email': True, 'is_approved_account': True, 'blacklist_count': None, 'blacklist_limit': None}","{'id': 'sagara_mayu', 'registered_user_id': True, 'openrec_user_id': 3758330, 'recxuser_id': 823666191, 'nickname': 'ç›¸è‰¯èŒ‰å„ªã®FUNï¼FANï¼FACTORY', 'introduction': 'æ¯é€±æœˆæ›œæ—¥é…ä¿¡ã®ç›¸è‰¯èŒ‰å„ªãŒãƒ•ã‚¡ãƒ³ã¨ä¸€ç·’ã«æ¥½ã—ã„ã“ã¨ã‚’ä½œã£ã¦ã„ãç•ªçµ„ã§ã™ï¼\n\nç•ªçµ„æ¨å¥¨ãƒãƒƒã‚·ãƒ¥ã‚¿ã‚°ã€Œ#ã•ãŒã‚‰FFFã€\næ˜¯éãƒãƒƒã‚·ãƒ¥ã‚¿ã‚°ã‚’ä»˜ã‘ã¦ç•ªçµ„ã‚„ç›¸è‰¯èŒ‰å„ªã«ã¤ã„ã¦å‘Ÿã„ã¦ãã ã•ã„ï¼\n\nã€ŒDiscordã€ã«ã¦ã‚µãƒ–ã‚¹ã‚¯é™å®šã‚³ãƒŸãƒ¥ãƒ‹ãƒ†ã‚£ã‚‚é‹å–¶ä¸­ï¼\nä»¥ä¸‹ã‚ˆã‚Šé€£æºæ–¹æ³•ã‚’ã”ç¢ºèªãã ã•ã„ã€‚\nhttps://openrecnext.amebaownd.com/posts/11101764\n\nâ–¼ã‚µãƒ–ã‚¹ã‚¯ç‰¹å…¸\nAå¸­\nâ‘ ãƒ¡ãƒ³ãƒãƒ¼é™å®šæ”¾é€ãƒ»ã‚¢ãƒ¼ã‚«ã‚¤ãƒ–è¦‹æ”¾é¡Œ\nâ‘¡(å…¥ä¼šåˆæœˆã®ã¿)ç¿Œæœˆ10æ—¥é ƒã«OPENRECãƒã‚¤ãƒ³ãƒˆ300Ptä»˜ä¸\nâ‘¢ãŠèª•ç”Ÿæ—¥æœˆã«ãŠåå‰å…¥ã‚Šå†™çœŸãƒ—ãƒ¬ã‚¼ãƒ³ãƒˆ(é›†åˆ)â€»Discordã«ã¦å‰æœˆä¸­ã«ç”³ã—è¾¼ã¿ã®å¿…è¦ã‚ã‚Š\n\nSå¸­\nâ‘ ãƒ¡ãƒ³ãƒãƒ¼é™å®šæ”¾é€ãƒ»ã‚¢ãƒ¼ã‚«ã‚¤ãƒ–è¦‹æ”¾é¡Œ\nâ‘¡Så¸­ãƒ»SSå¸­é™å®šã‚ªãƒ•ã‚·ãƒ§ãƒƒãƒˆå†™çœŸãƒ—ãƒ¬ã‚¼ãƒ³ãƒˆ\nâ‘¢é™å®šã‚µã‚¤ãƒ³å…¥ã‚Šãƒã‚§ã‚­ã‚’æŠ½é¸ã§ãƒ—ãƒ¬ã‚¼ãƒ³ãƒˆ\nâ‘£(å…¥ä¼šåˆæœˆã®ã¿)ç¿Œæœˆ10æ—¥é ƒã«OPENRECãƒã‚¤ãƒ³ãƒˆ500Ptä»˜ä¸\nâ‘¤ãŠèª•ç”Ÿæ—¥æœˆã«ãŠåå‰å…¥ã‚Šå†™çœŸãƒ—ãƒ¬ã‚¼ãƒ³ãƒˆ(å€‹åˆ¥)â€»Discordã«ã¦å‰æœˆä¸­ã«ç”³ã—è¾¼ã¿ã®å¿…è¦ã‚ã‚Š\n\nSSå¸­\nâ‘ ãƒ¡ãƒ³ãƒãƒ¼é™å®šé…ä¿¡ãƒ»ã‚¢ãƒ¼ã‚«ã‚¤ãƒ–è¦‹æ”¾é¡Œ\nâ‘¡ã‚ªãƒ•ã‚·ãƒ§ãƒƒãƒˆå†™çœŸãƒ—ãƒ¬ã‚¼ãƒ³ãƒˆ\nâ‘¢é™å®šã‚µã‚¤ãƒ³å…¥ã‚Šãƒã‚§ã‚­ã‚’æŠ½é¸ã§ãƒ—ãƒ¬ã‚¼ãƒ³ãƒˆ\nâ‘£è¦–è´è€…å‚åŠ å‹ä¼ç”»å‚åŠ æ¨©åˆ©(æŠ½é¸)\nâ‘¤ã‚ªãƒ•ã‚·ãƒ§ãƒƒãƒˆå‹•ç”»è¦‹æ”¾é¡Œ\nâ‘¥Så¸­ãƒ»SSå¸­é™å®šã‚ªãƒ•ã‚·ãƒ§ãƒƒãƒˆ\nâ‘¦(å…¥ä¼šåˆæœˆã®ã¿)ç¿Œæœˆ10æ—¥é ƒã«OPENRECãƒã‚¤ãƒ³ãƒˆ800Ptä»˜ä¸\nâ‘§ãŠèª•ç”Ÿæ—¥æœˆã«ãŠåå‰ã‚’ãŠå‘¼ã³ã—ãŸãŠç¥ã„å‹•ç”»ã‚’ãƒ—ãƒ¬ã‚¼ãƒ³ãƒˆï¼\n\u3000(â€»Discordã«ã¦å‰æœˆã¾ã§ã«ç”³ã—è¾¼ã¿ã®å¿…è¦ã‚ã‚Š)\n\nâ– ç›¸è‰¯èŒ‰å„ªãƒ—ãƒ­ãƒ•ã‚£ãƒ¼ãƒ«\näº¬éƒ½åºœå‡ºèº«ã€‚4æœˆ17æ—¥ç”Ÿã¾ã‚Œã€‚Digital Doubleæ‰€å±ã€‚\nã€Œã‚¢ã‚¤ãƒ‰ãƒ«ãƒ¡ãƒ¢ãƒªãƒ¼ã‚ºã€æ¢¶åŸæœªæ¥ã§åˆã‚ã¦ã®ãƒ¡ã‚¤ãƒ³ã‚­ãƒ£ãƒ©ã‚’æ¼”ã˜ã€å£°å„ªã¨ã—ã¦æ´»å‹•ã‚’å§‹ã‚ã‚‹ã€‚\n2017å¹´ã€Œãƒ©ãƒ–ãƒ©ã‚¤ãƒ–ï¼è™¹ãƒ¶å’²å­¦åœ’ã‚¹ã‚¯ãƒ¼ãƒ«ã‚¢ã‚¤ãƒ‰ãƒ«åŒå¥½ä¼šã€ã§ä¸­é ˆã‹ã™ã¿ã«æŠœæ“¢ã•ã‚Œã€\nåŒä½œå“ã®ã‚¹ã‚¯ãƒ¼ãƒ«ã‚¢ã‚¤ãƒ‰ãƒ«ã¨ã—ã¦ç¾åœ¨æ”¾é€ä¸­ã®ã‚¢ãƒ‹ãƒ¡ã‚„ã‚²ãƒ¼ãƒ ãƒ»ãƒ©ã‚¤ãƒ–ã§æ´»å‹•ä¸­ã€‚\nä»–ã«ã‚‚ã€ã‚¢ãƒ—ãƒªã€Œã²ãã‚‰ã—ã®ãªãé ƒã«å‘½ã€(å…¬ç”±ä¸€ç©‚)ã€ã‚¢ãƒ—ãƒªã€Œãƒã‚®ã‚¢ãƒ¬ã‚³ãƒ¼ãƒ‰ é­”æ³•å°‘å¥³ã¾ã©ã‹â˜†ãƒã‚®ã‚«å¤–ä¼ã€(åºƒæ±Ÿã¡ã¯ã‚‹)ç­‰ã€å¤šæ•°ä½œå“ã«å‡ºæ¼”ã€‚2020å¹´æ˜¥ã«çŸ­ç·¨æ˜ ç”»ã€Œæ™‚ã€…ã¯ã€çœ ã‚Œãªã„å¤œã«ã€ã«åˆã‚ã¦å®Ÿå†™ã§ã®å‡ºæ¼”ã‚’æœãŸã—ãŸã€‚\n', 'icon_image_url': 'https://hayabusa.io/openrec-image/user/8236662/823666191_202010211143.w90.ttl3600.png?format=png', 'l_icon_image_url': 'https://hayabusa.io/openrec-image/user/8236662/823666191_202010211143.w320.ttl3600.png?format=png', 'cover_image_url': 'https://hayabusa.io/openrec-image/user_background/8236662/823666191_202010211143.w210.ttl3600.png?format=png', 'l_cover_image_url': 'https://dqd0jw5gvbchn.cloudfront.net/user_background/8236662/823666191_202010211143.png', 'follows': 2, 'followers': 3677, 'is_premium': True, 'is_official': True, 'is_fresh': False, 'is_warned': False, 'is_team': False, 'is_league_yell': False, 'is_live': False, 'is_stats_hidden': False, 'live_views': 0, 'is_viewers_hidden': True, 'registered_at': '2020-10-19T20:34:04+09:00', 'last_updated_at': '2021-11-13T20:00:01+09:00', 'signed_in_with_facebook': None, 'signed_in_with_twitter': None, 'signed_in_with_google': None, 'signed_in_with_yahoo': None, 'signed_in_with_apple': None, 'user_status': 'special', 'is_creator': True, 'premium_start_at': None, 'premium_charge_type': None, 'premium_payment_status': None, 'has_ppv_permission': None, 'has_active_email_token': None, 'email': None, 'pending_email': None, 'twitter_screen_name': None, 'hidden_channels': None, 'has_confirmed_email': True, 'is_approved_account': True, 'blacklist_count': None, 'blacklist_limit': None}","{'name_color': '#00ff84', 'is_premium_hidden': True, 'is_official_hidden': False, 'is_subs_badge_hidden': False, 'is_subs_duration_hidden': False}",False,False,False,False,437925793,[],247,01_varentain,https://dqd0jw5gvbchn.cloudfront.net/yell/247/f0a0996e53ef3a658b57294af8fb65b4cb4d8e2d.gif,,,100,80,15,,kupokupo123,True,2083047,491184120,ã‚ã–ã‚‰ã—,,https://hayabusa.io/openrec-image/user/4911842/491184120.w90.ttl3600.v1603764843.png?format=png,https://hayabusa.io/openrec-image/user/4911842/491184120.w320.ttl3600.v1603764843.png?format=png,,,40,0,True,False,False,False,False,False,False,False,0,True,2019-06-25T18:23:16+09:00,2021-08-03T20:57:09+09:00,,,,,,publish,True,,,,,,,,,,True,True,,,olryo0yqw82
